track_id,track_name,artist,genre,album_type,popularity,duration_ms,explicit,danceability,energy,key,loudness,mode,speechiness,acousticness,valence,tempo
track_00001,Song Title 1,Ariana Grande,pop,single,70,264051,0,0.596,0.695,5,-7.37,0,0.041,0.052,0.342,104.6
track_00002,Song Title 2,Bad Bunny,rock,single,80,245955,0,0.697,0.426,2,-13.45,1,0.2,0.157,0.119,166.4
track_00003,Song Title 3,Olivia Rodrigo,r&b,single,68,153985,0,0.643,0.744,4,-9.13,1,0.036,0.066,0.609,121.1
track_00004,Song Title 4,Doja Cat,r&b,album,60,260564,0,0.774,0.832,9,-8.18,1,0.155,0.618,0.475,127.5
track_00005,Song Title 5,Kendrick Lamar,dance/electronic,album,69,171144,1,0.834,0.695,7,-11.9,1,0.187,0.428,0.562,103.8
track_00006,Song Title 6,Post Malone,indie,single,58,237288,1,0.638,0.648,9,-7.65,1,0.055,0.626,0.409,96.7
track_00007,Song Title 7,Olivia Rodrigo,pop,album,58,174283,0,0.712,0.562,1,-11.35,0,0.047,0.208,0.519,131.9
track_00008,Song Title 8,Dua Lipa,pop,album,72,189169,1,0.917,0.928,11,-7.65,0,0.115,0.177,0.552,125.4
track_00009,Song Title 9,Ariana Grande,hip-hop,single,66,137988,0,0.651,0.804,4,-8.79,1,0.098,0.09,0.478,100.3
track_00010,Song Title 10,BTS,dance/electronic,album,46,274882,0,0.515,0.718,10,-10.24,1,0.032,0.472,0.477,84.0
track_00011,Song Title 11,Drake,latin,album,70,230119,0,0.658,0.442,7,-12.84,1,0.009,0.169,0.678,88.3
track_00012,Song Title 12,Ariana Grande,latin,album,67,232179,1,0.461,0.857,0,-4.15,1,0.025,0.051,0.569,149.9
track_00013,Song Title 13,Kendrick Lamar,hip-hop,album,64,192749,0,0.924,0.602,9,-11.06,1,0.011,0.491,0.318,104.7
track_00014,Song Title 14,Kendrick Lamar,hip-hop,album,47,177423,0,0.541,0.456,9,-17.22,0,0.028,0.143,0.258,111.5
track_00015,Song Title 15,Post Malone,hip-hop,album,62,237178,0,0.957,0.765,10,-8.13,1,0.024,0.171,0.38,156.3
track_00016,Song Title 16,Dua Lipa,indie,single,83,167890,0,0.461,0.657,11,-9.81,1,0.081,0.322,0.326,91.9
track_00017,Song Title 17,Bad Bunny,indie,album,65,204150,0,0.754,0.767,11,-8.18,1,0.247,0.045,0.507,101.8
track_00018,Song Title 18,Post Malone,rock,album,80,166224,1,0.754,0.764,3,-9.03,1,0.093,0.059,0.116,100.8
track_00019,Song Title 19,Post Malone,rock,single,76,214338,1,0.8,0.773,4,-7.2,1,0.209,0.039,0.359,160.5
track_00020,Song Title 20,Drake,hip-hop,single,40,142908,0,0.789,0.777,9,-7.43,0,0.123,0.116,0.485,169.8
track_00021,Song Title 21,Ed Sheeran,dance/electronic,single,95,158179,1,0.7,0.944,11,-4.94,1,0.104,0.143,0.495,138.8
track_00022,Song Title 22,Dua Lipa,pop,single,81,179906,0,0.674,0.802,10,-6.34,0,0.043,0.003,0.587,139.6
track_00023,Song Title 23,Taylor Swift,indie,album,64,231516,1,0.841,0.719,2,-9.35,1,0.031,0.103,0.229,105.5
track_00024,Song Title 24,Post Malone,dance/electronic,album,76,191403,0,0.81,0.85,11,-7.38,0,0.15,0.03,0.48,168.7
track_00025,Song Title 25,Coldplay,r&b,album,55,244425,0,0.686,0.619,1,-7.34,0,0.189,0.019,0.269,126.7
track_00026,Song Title 26,Harry Styles,indie,album,97,262524,0,0.887,0.706,11,-7.59,0,0.048,0.038,0.589,141.3
track_00027,Song Title 27,Ed Sheeran,indie,album,61,199197,1,0.744,0.919,2,-3.64,1,0.001,0.294,0.33,117.4
track_00028,Song Title 28,Taylor Swift,rock,album,59,158254,0,0.693,0.549,10,-8.77,1,0.126,0.165,0.414,113.3
track_00029,Song Title 29,Coldplay,pop,single,58,243798,0,0.865,0.404,4,-12.49,0,0.027,0.143,0.426,161.6
track_00030,Song Title 30,Dua Lipa,pop,album,71,156045,0,0.841,0.555,6,-9.26,1,0.001,0.083,0.623,133.5
track_00031,Song Title 31,The Weeknd,latin,album,86,178385,0,0.687,0.7,1,-11.96,0,0.131,0.062,0.301,156.3
track_00032,Song Title 32,Coldplay,latin,album,85,150462,0,0.544,0.656,6,-9.09,1,0.058,0.148,0.199,126.4
track_00033,Song Title 33,BTS,latin,album,66,243710,0,0.818,0.671,5,-9.63,0,0.092,0.145,0.461,98.8
track_00034,Song Title 34,Ed Sheeran,latin,album,74,230022,1,0.875,0.562,6,-7.65,0,0.197,0.238,0.381,105.4
track_00035,Song Title 35,Olivia Rodrigo,r&b,single,76,266640,0,0.865,0.713,6,-6.73,0,0.062,0.036,0.524,122.6
track_00036,Song Title 36,Coldplay,r&b,album,56,194556,0,0.558,0.736,8,-9.48,1,0.056,0.023,0.842,104.3
track_00037,Song Title 37,Billie Eilish,indie,album,98,181160,0,0.761,0.795,6,-6.54,1,0.027,0.355,0.524,92.3
track_00038,Song Title 38,The Weeknd,hip-hop,album,79,191631,1,0.367,0.84,11,-6.22,0,0.029,0.207,0.533,150.0
track_00039,Song Title 39,Kendrick Lamar,rock,single,66,163353,1,0.563,0.676,5,-8.27,0,0.127,0.234,0.129,106.4
track_00040,Song Title 40,Kendrick Lamar,rock,album,89,260002,0,0.857,0.458,9,-14.71,0,0.048,0.025,0.773,123.5
track_00041,Song Title 41,Doja Cat,latin,album,94,328182,0,0.943,0.842,7,-5.81,0,0.014,0.003,0.384,127.4
track_00042,Song Title 42,BTS,indie,album,70,184666,0,0.836,0.65,6,-10.06,1,0.008,0.274,0.595,105.3
track_00043,Song Title 43,Coldplay,dance/electronic,album,67,230744,0,0.738,0.447,5,-12.28,1,0.051,0.242,0.282,156.3
track_00044,Song Title 44,Coldplay,hip-hop,single,90,204557,1,0.614,0.884,3,-7.31,1,0.05,0.062,0.183,92.1
track_00045,Song Title 45,Doja Cat,indie,single,55,225460,0,0.566,0.703,6,-9.92,0,0.085,0.084,0.42,126.5
track_00046,Song Title 46,Harry Styles,hip-hop,album,97,247089,0,0.957,0.877,11,-3.62,1,0.051,0.303,0.337,126.2
track_00047,Song Title 47,Harry Styles,hip-hop,single,66,169991,0,0.862,0.724,7,-10.51,0,0.012,0.468,0.357,118.6
track_00048,Song Title 48,Doja Cat,hip-hop,single,77,193249,1,0.579,0.278,7,-17.51,0,0.057,0.05,0.477,87.6
track_00049,Song Title 49,Harry Styles,indie,single,64,252110,0,0.751,0.44,11,-13.07,1,0.19,0.176,0.74,141.8
track_00050,Song Title 50,Drake,latin,single,67,227809,0,0.505,0.728,11,-9.89,0,0.014,0.243,0.375,138.6
track_00051,Song Title 51,Coldplay,rock,album,68,221456,0,0.729,0.678,3,-10.93,1,0.094,0.215,0.714,103.1
track_00052,Song Title 52,Ariana Grande,rock,album,69,227838,1,0.828,0.8,9,-6.98,1,0.072,0.052,0.827,137.7
track_00053,Song Title 53,Bad Bunny,latin,album,63,231276,0,0.667,0.682,8,-12.09,0,0.11,0.223,0.325,129.4
track_00054,Song Title 54,Billie Eilish,hip-hop,single,85,250521,0,0.753,0.725,2,-10.42,1,0.013,0.303,0.361,88.0
track_00055,Song Title 55,Drake,dance/electronic,album,39,236382,0,0.536,0.919,8,-1.18,0,0.227,0.306,0.432,98.7
track_00056,Song Title 56,Dua Lipa,pop,single,59,208224,0,0.918,0.59,2,-9.64,0,0.078,0.001,0.472,148.5
track_00057,Song Title 57,Drake,indie,single,58,222356,0,0.875,0.457,6,-14.18,1,0.15,0.239,0.64,127.7
track_00058,Song Title 58,Ariana Grande,pop,album,62,207639,0,0.734,0.865,3,-5.33,1,0.023,0.018,0.388,105.9
track_00059,Song Title 59,Dua Lipa,latin,single,83,183884,0,0.75,0.506,4,-10.76,0,0.108,0.24,0.627,98.5
track_00060,Song Title 60,Billie Eilish,dance/electronic,album,82,208193,0,0.902,0.27,2,-13.7,1,0.122,0.033,0.664,107.1
track_00061,Song Title 61,Ariana Grande,indie,album,74,206016,0,0.781,0.624,1,-10.28,1,0.041,0.284,0.387,108.9
track_00062,Song Title 62,Taylor Swift,latin,single,58,150566,1,0.7,0.675,11,-7.25,0,0.039,0.334,0.676,98.9
track_00063,Song Title 63,Bad Bunny,hip-hop,album,74,237122,0,0.49,0.85,7,-10.48,1,0.086,0.731,0.382,76.5
track_00064,Song Title 64,Billie Eilish,rock,single,46,243056,1,0.729,0.586,6,-12.74,1,0.008,0.306,0.783,148.5
track_00065,Song Title 65,Coldplay,pop,single,94,229033,0,0.9,0.339,6,-14.25,1,0.106,0.009,0.635,144.3
track_00066,Song Title 66,Harry Styles,r&b,album,56,240964,0,0.423,0.927,7,-4.52,0,0.004,0.291,0.835,88.2
track_00067,Song Title 67,Taylor Swift,r&b,album,56,203843,0,0.429,0.454,0,-14.56,1,0.017,0.037,0.648,123.4
track_00068,Song Title 68,BTS,dance/electronic,album,65,192007,0,0.654,0.757,11,-7.36,0,0.087,0.068,0.285,97.4
track_00069,Song Title 69,Billie Eilish,hip-hop,album,49,243211,0,0.654,0.872,7,-7.3,1,0.008,0.779,0.895,113.5
track_00070,Song Title 70,BTS,pop,single,98,172942,0,0.902,0.7,9,-9.35,1,0.286,0.045,0.643,111.4
track_00071,Song Title 71,Dua Lipa,hip-hop,album,79,171729,0,0.661,0.761,11,-5.78,1,0.162,0.102,0.709,109.3
track_00072,Song Title 72,Taylor Swift,pop,album,86,225684,1,0.765,0.809,4,-5.23,0,0.079,0.204,0.307,170.1
track_00073,Song Title 73,Bad Bunny,dance/electronic,album,58,224726,0,0.786,0.683,7,-11.07,1,0.137,0.006,0.266,109.0
track_00074,Song Title 74,Coldplay,dance/electronic,album,75,242552,1,0.787,0.913,8,-7.51,1,0.175,0.306,0.577,99.8
track_00075,Song Title 75,Doja Cat,r&b,single,83,150134,0,0.854,0.883,1,-6.69,1,0.024,0.113,0.145,100.9
track_00076,Song Title 76,Coldplay,hip-hop,album,73,206579,0,0.788,0.704,2,-8.78,1,0.151,0.247,0.587,146.1
track_00077,Song Title 77,Ariana Grande,indie,single,54,170437,0,0.507,0.919,5,-6.61,1,0.017,0.178,0.359,78.7
track_00078,Song Title 78,Coldplay,r&b,album,75,239935,0,0.666,0.788,8,-5.31,0,0.043,0.638,0.585,100.9
track_00079,Song Title 79,Olivia Rodrigo,hip-hop,single,74,256681,0,0.904,0.619,9,-9.4,0,0.065,0.108,0.505,156.2
track_00080,Song Title 80,Post Malone,r&b,album,61,227657,0,0.861,0.64,9,-8.95,1,0.1,0.082,0.543,126.1
track_00081,Song Title 81,Doja Cat,indie,album,46,190475,0,0.744,0.593,7,-13.05,1,0.002,0.116,0.342,124.8
track_00082,Song Title 82,Drake,rock,single,80,183799,0,0.886,0.875,5,-3.66,0,0.027,0.399,0.719,173.3
track_00083,Song Title 83,Harry Styles,rock,album,92,195585,0,0.649,0.654,4,-15.17,0,0.075,0.446,0.803,126.2
track_00084,Song Title 84,The Weeknd,rock,single,61,180560,1,0.746,0.761,2,-6.16,1,0.035,0.014,0.318,102.3
track_00085,Song Title 85,Bad Bunny,rock,album,54,204426,1,0.656,0.32,11,-13.01,0,0.119,0.718,0.633,112.9
track_00086,Song Title 86,Taylor Swift,latin,album,87,183719,0,0.9,0.798,3,-8.09,1,0.084,0.261,0.149,91.6
track_00087,Song Title 87,Post Malone,pop,album,51,161642,0,0.674,0.754,6,-5.39,1,0.021,0.378,0.497,151.4
track_00088,Song Title 88,Bad Bunny,latin,single,59,223322,0,0.797,0.45,6,-12.93,0,0.013,0.217,0.524,134.4
track_00089,Song Title 89,Taylor Swift,latin,album,55,226023,0,0.502,0.816,2,-6.81,1,0.079,0.204,0.267,148.1
track_00090,Song Title 90,Harry Styles,latin,album,87,269479,1,0.881,0.706,3,-8.02,1,0.048,0.008,0.437,150.3
track_00091,Song Title 91,Ed Sheeran,rock,album,77,194838,0,0.638,0.736,2,-1.85,1,0.015,0.632,0.734,109.6
track_00092,Song Title 92,Ed Sheeran,indie,album,69,143842,0,0.718,0.557,1,-8.4,1,0.032,0.079,0.764,96.4
track_00093,Song Title 93,BTS,dance/electronic,album,63,238535,0,0.829,0.702,5,-7.37,1,0.029,0.06,0.376,118.7
track_00094,Song Title 94,Bad Bunny,dance/electronic,single,62,242471,0,0.923,0.315,6,-16.78,0,0.009,0.13,0.248,98.2
track_00095,Song Title 95,Ed Sheeran,pop,single,57,249970,0,0.751,0.458,3,-12.39,0,0.063,0.203,0.423,124.1
track_00096,Song Title 96,Olivia Rodrigo,rock,single,60,261496,1,0.657,0.919,4,-6.93,1,0.115,0.141,0.585,148.3
track_00097,Song Title 97,Doja Cat,rock,single,66,261993,0,0.795,0.521,7,-10.02,0,0.069,0.159,0.481,115.8
track_00098,Song Title 98,Taylor Swift,rock,album,76,175812,0,0.867,0.58,8,-10.44,1,0.14,0.272,0.431,123.7
track_00099,Song Title 99,BTS,r&b,single,77,264182,1,0.853,0.828,6,-9.01,0,0.011,0.447,0.324,117.7
track_00100,Song Title 100,Coldplay,hip-hop,album,73,198518,0,0.853,0.717,9,-8.37,1,0.046,0.108,0.299,140.1
track_00101,Song Title 101,Taylor Swift,r&b,album,69,237945,0,0.653,0.803,0,-8.86,1,0.075,0.208,0.608,103.3
track_00102,Song Title 102,BTS,hip-hop,album,79,219082,0,0.89,0.946,10,-4.56,0,0.09,0.063,0.393,65.1
track_00103,Song Title 103,Harry Styles,rock,album,54,175953,0,0.848,0.722,2,-10.17,1,0.095,0.341,0.528,131.8
track_00104,Song Title 104,Bad Bunny,rock,single,64,250612,1,0.819,0.545,10,-11.23,1,0.104,0.561,0.085,144.7
track_00105,Song Title 105,Harry Styles,r&b,album,60,194036,0,0.769,0.497,4,-10.54,1,0.084,0.108,0.377,131.2
track_00106,Song Title 106,Doja Cat,r&b,album,48,275057,1,0.807,0.424,2,-13.33,1,0.008,0.283,0.786,104.0
track_00107,Song Title 107,Doja Cat,hip-hop,album,75,183286,0,0.808,0.743,0,-8.89,0,0.095,0.255,0.734,91.6
track_00108,Song Title 108,Post Malone,dance/electronic,single,56,174844,1,0.745,0.499,1,-11.62,0,0.103,0.326,0.379,132.4
track_00109,Song Title 109,Harry Styles,hip-hop,album,65,186799,0,0.46,0.76,7,-6.44,1,0.403,0.288,0.412,123.5
track_00110,Song Title 110,Ariana Grande,r&b,album,63,262332,1,0.426,0.315,6,-17.18,0,0.095,0.233,0.2,116.9
track_00111,Song Title 111,Coldplay,indie,album,57,155148,0,0.815,0.633,9,-9.36,0,0.093,0.269,0.659,165.6
track_00112,Song Title 112,Billie Eilish,r&b,single,60,241957,1,0.517,0.801,2,-4.55,1,0.058,0.608,0.213,96.3
track_00113,Song Title 113,Harry Styles,indie,album,51,274132,0,0.728,0.939,3,-3.82,1,0.162,0.246,0.435,164.4
track_00114,Song Title 114,Post Malone,pop,album,93,204071,0,0.855,0.687,2,-8.9,1,0.46,0.031,0.555,120.8
track_00115,Song Title 115,Dua Lipa,r&b,album,59,196241,1,0.851,0.719,3,-7.21,1,0.121,0.004,0.147,74.1
track_00116,Song Title 116,Olivia Rodrigo,pop,album,70,212796,0,0.796,0.852,7,-5.47,1,0.076,0.046,0.419,115.5
track_00117,Song Title 117,Taylor Swift,dance/electronic,album,82,170715,1,0.72,0.444,8,-11.38,1,0.007,0.051,0.881,144.0
track_00118,Song Title 118,Doja Cat,hip-hop,album,66,302689,0,0.621,0.729,6,-12.39,1,0.104,0.039,0.303,110.9
track_00119,Song Title 119,Dua Lipa,indie,single,60,233443,0,0.98,0.838,8,-9.7,1,0.099,0.393,0.382,83.1
track_00120,Song Title 120,Post Malone,hip-hop,album,83,167281,0,0.829,0.826,8,-4.78,0,0.12,0.133,0.539,115.9
track_00121,Song Title 121,BTS,pop,album,78,181748,0,0.964,0.526,6,-14.59,1,0.011,0.273,0.477,98.6
track_00122,Song Title 122,Billie Eilish,indie,single,56,216269,0,0.563,0.556,6,-10.31,1,0.085,0.106,0.821,132.3
track_00123,Song Title 123,Coldplay,hip-hop,album,59,164695,0,0.464,0.734,7,-8.97,1,0.028,0.041,0.68,139.3
track_00124,Song Title 124,Coldplay,r&b,album,55,157348,0,0.674,0.803,11,-9.15,1,0.114,0.786,0.6,93.6
track_00125,Song Title 125,Coldplay,rock,album,68,220281,0,0.793,0.723,9,-7.73,0,0.022,0.229,0.164,102.4
track_00126,Song Title 126,Olivia Rodrigo,pop,album,39,245209,0,0.795,0.641,11,-9.34,0,0.092,0.686,0.422,138.9
track_00127,Song Title 127,Billie Eilish,hip-hop,single,63,242032,0,0.624,0.674,11,-4.99,1,0.028,0.205,0.691,98.5
track_00128,Song Title 128,Olivia Rodrigo,pop,album,93,207909,0,0.866,0.669,2,-10.54,1,0.001,0.225,0.456,92.9
track_00129,Song Title 129,Doja Cat,latin,single,58,200392,0,0.624,0.735,7,-5.37,1,0.08,0.052,0.334,90.5
track_00130,Song Title 130,Olivia Rodrigo,pop,album,58,211808,0,0.54,0.837,0,-5.9,0,0.01,0.303,0.453,128.8
track_00131,Song Title 131,The Weeknd,indie,album,51,244724,1,0.552,0.715,5,-9.89,1,0.086,0.174,0.516,127.7
track_00132,Song Title 132,Billie Eilish,latin,album,72,166013,1,0.729,0.704,1,-7.14,1,0.208,0.451,0.286,102.9
track_00133,Song Title 133,Ariana Grande,indie,album,84,182790,0,0.693,0.744,6,-6.97,0,0.279,0.15,0.591,120.1
track_00134,Song Title 134,Billie Eilish,rock,album,89,196778,0,0.856,0.711,2,-8.56,1,0.022,0.032,0.229,158.2
track_00135,Song Title 135,Post Malone,latin,single,51,201521,1,0.481,0.794,10,-6.77,1,0.133,0.083,0.35,95.6
track_00136,Song Title 136,The Weeknd,r&b,album,69,208093,0,0.609,0.482,9,-13.49,0,0.035,0.118,0.344,71.2
track_00137,Song Title 137,Coldplay,pop,single,82,209128,0,0.715,0.526,4,-13.23,1,0.185,0.206,0.697,131.4
track_00138,Song Title 138,Post Malone,hip-hop,album,77,233590,0,0.863,0.827,9,-5.25,1,0.124,0.443,0.336,117.2
track_00139,Song Title 139,Post Malone,dance/electronic,single,72,148301,0,0.812,0.679,1,-9.59,0,0.006,0.507,0.285,102.2
track_00140,Song Title 140,Doja Cat,pop,single,68,153949,0,0.903,0.77,0,-7.84,1,0.042,0.229,0.397,136.3
track_00141,Song Title 141,Kendrick Lamar,pop,single,67,186718,0,0.564,0.784,4,-6.9,0,0.033,0.312,0.361,141.0
track_00142,Song Title 142,Drake,rock,single,93,240225,1,0.901,0.816,8,-6.42,0,0.123,0.015,0.801,64.8
track_00143,Song Title 143,The Weeknd,r&b,single,71,187181,1,0.726,0.892,8,-8.59,1,0.042,0.544,0.368,103.7
track_00144,Song Title 144,Post Malone,dance/electronic,album,52,208562,0,0.713,0.538,6,-8.82,1,0.092,0.047,0.82,177.9
track_00145,Song Title 145,Drake,latin,album,64,214484,0,0.558,0.877,8,-5.72,1,0.074,0.079,0.419,134.6
track_00146,Song Title 146,Drake,latin,album,83,221063,1,0.942,0.764,3,-8.18,0,0.297,0.627,0.686,136.9
track_00147,Song Title 147,The Weeknd,latin,single,74,264760,0,0.59,0.848,2,-5.58,1,0.222,0.04,0.32,149.3
track_00148,Song Title 148,Kendrick Lamar,indie,album,72,234312,0,0.665,0.792,10,-6.85,0,0.045,0.111,0.768,120.4
track_00149,Song Title 149,Dua Lipa,indie,single,58,244911,0,0.646,0.64,3,-8.22,1,0.103,0.222,0.518,139.9
track_00150,Song Title 150,BTS,hip-hop,album,85,205562,1,0.779,0.77,6,-6.61,1,0.142,0.246,0.278,138.0
track_00151,Song Title 151,Ariana Grande,dance/electronic,album,84,261572,0,0.52,0.658,7,-8.03,1,0.183,0.087,0.776,133.5
track_00152,Song Title 152,BTS,latin,album,86,212506,1,0.895,0.585,1,-7.94,0,0.006,0.174,0.342,111.9
track_00153,Song Title 153,Billie Eilish,indie,album,88,141563,1,0.694,0.713,4,-6.83,1,0.029,0.007,0.463,124.3
track_00154,Song Title 154,Coldplay,hip-hop,album,63,296043,0,0.952,0.487,4,-12.52,1,0.031,0.4,0.608,105.3
track_00155,Song Title 155,Ariana Grande,r&b,album,54,211616,0,0.719,0.514,8,-14.02,1,0.046,0.507,0.289,120.3
track_00156,Song Title 156,Billie Eilish,hip-hop,album,69,228542,0,0.809,0.753,2,-4.62,0,0.015,0.243,0.108,90.8
track_00157,Song Title 157,Post Malone,indie,album,67,172598,0,0.571,0.675,11,-9.67,1,0.055,0.065,0.768,100.2
track_00158,Song Title 158,Coldplay,rock,album,94,286899,0,0.889,0.753,5,-8.91,1,0.087,0.019,0.364,112.9
track_00159,Song Title 159,Taylor Swift,rock,album,83,182236,0,0.951,0.605,9,-13.79,1,0.055,0.457,0.194,96.4
track_00160,Song Title 160,The Weeknd,latin,single,45,196516,0,0.182,0.14,11,-17.09,0,0.088,0.528,0.564,107.4
track_00161,Song Title 161,Ariana Grande,rock,album,58,156481,1,0.755,0.926,4,-4.89,1,0.006,0.116,0.437,115.9
track_00162,Song Title 162,Ariana Grande,latin,album,51,222760,0,0.687,0.924,1,-8.24,0,0.167,0.258,0.443,130.1
track_00163,Song Title 163,Harry Styles,latin,album,64,200146,0,0.534,0.625,1,-9.09,0,0.224,0.302,0.467,143.7
track_00164,Song Title 164,Post Malone,indie,album,81,155974,0,0.675,0.781,3,-8.49,1,0.077,0.086,0.723,108.4
track_00165,Song Title 165,Dua Lipa,rock,album,63,207635,0,0.671,0.477,11,-6.99,1,0.171,0.09,0.592,153.4
track_00166,Song Title 166,Drake,latin,album,95,213317,0,0.64,0.955,3,-5.86,1,0.011,0.166,0.214,143.5
track_00167,Song Title 167,Coldplay,dance/electronic,album,58,201338,0,0.858,0.619,6,-10.96,1,0.128,0.175,0.152,132.6
track_00168,Song Title 168,Post Malone,r&b,album,56,146268,0,0.716,0.893,11,-7.46,1,0.01,0.294,0.708,123.8
track_00169,Song Title 169,Ed Sheeran,hip-hop,album,66,220177,0,0.924,0.579,0,-8.18,1,0.042,0.038,0.948,128.0
track_00170,Song Title 170,Kendrick Lamar,hip-hop,single,57,165632,0,0.676,0.689,10,-9.71,1,0.031,0.29,0.537,149.7
track_00171,Song Title 171,Drake,indie,single,80,241122,0,0.806,0.72,5,-9.93,1,0.07,0.017,0.456,150.6
track_00172,Song Title 172,The Weeknd,rock,album,60,190560,0,0.498,0.822,10,-5.43,1,0.029,0.251,0.536,153.4
track_00173,Song Title 173,Drake,rock,album,55,242466,1,0.654,0.939,8,-7.74,1,0.081,0.039,0.521,121.0
track_00174,Song Title 174,Dua Lipa,latin,album,80,210492,0,0.517,0.841,1,-5.29,0,0.037,0.011,0.482,133.9
track_00175,Song Title 175,Doja Cat,pop,album,51,212288,0,0.725,0.793,11,-3.75,1,0.158,0.09,0.608,153.6
track_00176,Song Title 176,Harry Styles,latin,single,65,254670,0,0.807,0.914,4,-4.24,0,0.08,0.027,0.481,104.4
track_00177,Song Title 177,Drake,r&b,album,43,181465,0,0.671,0.402,9,-12.29,0,0.019,0.101,0.295,112.0
track_00178,Song Title 178,The Weeknd,dance/electronic,album,65,171647,0,0.462,0.623,10,-8.3,0,0.033,0.084,0.677,120.4
track_00179,Song Title 179,Dua Lipa,hip-hop,album,69,229449,0,0.663,0.888,9,-2.37,0,0.15,0.495,0.396,142.5
track_00180,Song Title 180,BTS,latin,single,88,164008,0,0.742,0.454,3,-10.32,1,0.039,0.137,0.484,142.9
track_00181,Song Title 181,Ariana Grande,pop,album,66,182042,0,0.521,0.63,3,-9.04,1,0.061,0.666,0.678,114.2
track_00182,Song Title 182,Doja Cat,pop,album,85,154729,0,0.727,0.61,7,-8.43,1,0.084,0.17,0.658,82.3
track_00183,Song Title 183,Harry Styles,latin,album,67,250313,0,0.487,0.693,5,-10.69,0,0.034,0.136,0.725,126.2
track_00184,Song Title 184,Ariana Grande,indie,album,52,174906,0,0.66,0.761,6,-6.27,1,0.028,0.469,0.646,97.0
track_00185,Song Title 185,Kendrick Lamar,hip-hop,album,72,187100,1,0.734,0.671,10,-11.27,1,0.052,0.025,0.653,82.8
track_00186,Song Title 186,Billie Eilish,indie,album,73,164848,0,0.602,0.767,11,-8.46,1,0.019,0.289,0.433,88.4
track_00187,Song Title 187,Doja Cat,dance/electronic,album,83,196510,0,0.823,0.832,8,-12.85,1,0.027,0.154,0.273,128.2
track_00188,Song Title 188,Doja Cat,pop,album,47,204996,0,0.29,0.39,2,-12.96,0,0.005,0.152,0.161,154.0
track_00189,Song Title 189,BTS,pop,album,75,238909,0,0.734,0.694,10,-10.19,1,0.029,0.18,0.631,121.0
track_00190,Song Title 190,BTS,r&b,album,52,163731,0,0.673,0.461,1,-10.4,0,0.031,0.148,0.565,125.3
track_00191,Song Title 191,Coldplay,dance/electronic,album,61,188967,0,0.811,0.767,2,-6.95,1,0.261,0.101,0.262,149.6
track_00192,Song Title 192,Olivia Rodrigo,pop,album,54,259795,0,0.816,0.648,7,-7.39,1,0.071,0.376,0.485,81.4
track_00193,Song Title 193,Drake,dance/electronic,single,74,246437,0,0.785,0.773,8,-9.8,1,0.124,0.062,0.279,133.0
track_00194,Song Title 194,Doja Cat,hip-hop,album,53,186276,0,0.854,0.731,9,-6.22,1,0.004,0.582,0.734,119.7
track_00195,Song Title 195,Ariana Grande,rock,album,51,208268,0,0.389,0.469,4,-8.29,1,0.009,0.167,0.619,134.2
track_00196,Song Title 196,The Weeknd,pop,album,78,278881,0,0.577,0.766,7,-6.22,0,0.135,0.164,0.723,107.9
track_00197,Song Title 197,Bad Bunny,r&b,album,45,168210,0,0.599,0.463,10,-11.01,1,0.078,0.403,0.643,99.6
track_00198,Song Title 198,Olivia Rodrigo,hip-hop,single,70,142755,0,0.904,0.686,6,-8.69,1,0.017,0.014,0.125,123.5
track_00199,Song Title 199,Bad Bunny,latin,album,76,191236,1,0.79,0.89,11,-6.81,0,0.042,0.112,0.783,161.2
track_00200,Song Title 200,Harry Styles,dance/electronic,single,67,207081,0,0.45,0.774,11,-6.09,0,0.062,0.16,0.271,141.5
track_00201,Song Title 201,Dua Lipa,latin,album,64,181923,0,0.764,0.708,8,-11.69,0,0.148,0.159,0.574,107.3
track_00202,Song Title 202,Ariana Grande,indie,album,78,244191,0,0.746,0.687,3,-9.85,1,0.005,0.224,0.658,86.5
track_00203,Song Title 203,Ariana Grande,hip-hop,single,75,217372,1,0.676,0.606,9,-13.85,1,0.073,0.019,0.66,77.9
track_00204,Song Title 204,Olivia Rodrigo,latin,single,65,188845,0,0.449,0.258,2,-17.29,0,0.101,0.313,0.239,152.9
track_00205,Song Title 205,Doja Cat,pop,single,62,191135,0,0.564,0.716,8,-7.25,1,0.305,0.311,0.711,96.1
track_00206,Song Title 206,Kendrick Lamar,dance/electronic,single,66,183877,0,0.921,0.778,7,-6.55,1,0.132,0.384,0.496,111.9
track_00207,Song Title 207,Olivia Rodrigo,rock,album,57,239040,0,0.966,0.387,6,-13.7,0,0.026,0.418,0.492,153.0
track_00208,Song Title 208,Bad Bunny,hip-hop,single,74,193461,0,0.69,0.727,0,-8.03,1,0.099,0.054,0.377,79.7
track_00209,Song Title 209,Olivia Rodrigo,pop,album,68,168248,0,0.756,0.796,1,-11.03,1,0.115,0.14,0.666,157.3
track_00210,Song Title 210,Ariana Grande,r&b,single,57,243666,1,0.748,0.363,8,-14.94,1,0.105,0.104,0.755,113.7
track_00211,Song Title 211,Kendrick Lamar,indie,album,67,200325,0,0.673,0.82,4,-8.25,0,0.137,0.048,0.388,91.3
track_00212,Song Title 212,Drake,dance/electronic,single,49,162403,0,0.641,0.39,0,-15.08,0,0.187,0.438,0.517,113.8
track_00213,Song Title 213,Ed Sheeran,hip-hop,album,62,269948,1,0.491,0.498,8,-10.83,0,0.008,0.13,0.694,101.9
track_00214,Song Title 214,Coldplay,hip-hop,album,51,231369,0,0.885,0.536,0,-13.14,0,0.009,0.325,0.253,131.0
track_00215,Song Title 215,Taylor Swift,rock,album,59,211618,0,0.443,0.677,7,-10.37,1,0.127,0.596,0.681,103.8
track_00216,Song Title 216,BTS,rock,single,77,202585,0,0.955,0.647,4,-13.83,0,0.023,0.505,0.741,72.2
track_00217,Song Title 217,Olivia Rodrigo,r&b,album,55,200188,0,0.328,0.782,10,-8.08,1,0.005,0.07,0.447,114.5
track_00218,Song Title 218,Harry Styles,indie,album,99,199474,0,0.933,0.753,11,-10.14,0,0.041,0.141,0.824,86.1
track_00219,Song Title 219,Billie Eilish,r&b,album,73,200424,1,0.614,0.929,5,-4.98,1,0.137,0.039,0.718,125.1
track_00220,Song Title 220,Dua Lipa,pop,album,41,189360,0,0.357,0.559,0,-12.95,1,0.011,0.024,0.431,90.3
track_00221,Song Title 221,Ed Sheeran,pop,single,63,206382,0,0.865,0.551,1,-10.97,1,0.089,0.353,0.294,107.8
track_00222,Song Title 222,Coldplay,r&b,album,61,188668,0,0.745,0.187,6,-17.3,0,0.0,0.095,0.287,124.6
track_00223,Song Title 223,Coldplay,indie,single,67,217820,1,0.747,0.411,1,-10.09,1,0.009,0.336,0.699,114.7
track_00224,Song Title 224,Coldplay,r&b,album,60,209178,1,0.769,0.789,4,-6.38,0,0.035,0.745,0.758,126.3
track_00225,Song Title 225,Coldplay,indie,album,59,185483,1,0.707,0.874,10,-9.69,0,0.007,0.208,0.465,137.0
track_00226,Song Title 226,Bad Bunny,indie,single,53,206961,0,0.526,0.715,8,-11.09,1,0.15,0.031,0.412,91.1
track_00227,Song Title 227,Harry Styles,latin,album,66,229002,0,0.662,0.916,4,-5.23,1,0.16,0.044,0.573,118.4
track_00228,Song Title 228,Harry Styles,dance/electronic,album,55,131025,0,0.711,0.454,11,-14.6,1,0.113,0.331,0.723,60.0
track_00229,Song Title 229,Kendrick Lamar,indie,album,44,230236,0,0.419,0.579,2,-16.68,1,0.022,0.262,0.594,126.2
track_00230,Song Title 230,BTS,rock,single,59,167076,0,0.806,0.518,10,-9.01,1,0.059,0.152,0.925,112.5
track_00231,Song Title 231,Ariana Grande,indie,album,79,193939,0,0.641,0.809,5,-5.62,1,0.016,0.064,0.677,95.4
track_00232,Song Title 232,Coldplay,indie,single,77,120000,0,0.314,0.758,6,-6.83,1,0.026,0.359,0.212,127.9
track_00233,Song Title 233,Billie Eilish,indie,single,71,229798,0,0.722,0.528,9,-12.77,1,0.058,0.423,0.566,149.3
track_00234,Song Title 234,Ariana Grande,latin,album,86,184091,0,0.683,0.718,10,-7.65,1,0.106,0.021,0.679,108.1
track_00235,Song Title 235,Harry Styles,latin,album,74,192506,0,0.526,0.819,9,-8.3,0,0.008,0.474,0.463,96.4
track_00236,Song Title 236,The Weeknd,pop,album,74,213173,0,0.576,0.935,10,-4.64,0,0.028,0.573,0.512,124.1
track_00237,Song Title 237,The Weeknd,latin,album,59,141021,0,0.453,0.758,7,-9.71,1,0.209,0.189,0.138,86.6
track_00238,Song Title 238,Billie Eilish,rock,album,64,212172,0,0.589,0.82,2,-3.85,0,0.045,0.548,0.432,103.5
track_00239,Song Title 239,Kendrick Lamar,rock,album,60,232688,0,0.435,0.916,10,-8.49,1,0.224,0.221,0.38,150.6
track_00240,Song Title 240,Harry Styles,latin,album,55,216097,0,0.637,0.222,3,-13.99,1,0.38,0.166,0.434,121.6
track_00241,Song Title 241,Billie Eilish,r&b,single,70,196215,0,0.596,0.764,9,-7.69,1,0.06,0.019,0.497,73.0
track_00242,Song Title 242,Bad Bunny,dance/electronic,single,69,211440,0,0.457,0.657,3,-10.46,1,0.027,0.269,0.636,75.1
track_00243,Song Title 243,Olivia Rodrigo,latin,single,79,207357,1,0.903,0.72,1,-8.14,0,0.125,0.152,0.164,124.1
track_00244,Song Title 244,Billie Eilish,indie,album,62,236548,0,0.589,0.663,6,-7.93,1,0.014,0.224,0.875,141.6
track_00245,Song Title 245,Drake,hip-hop,album,74,253925,0,0.93,0.602,11,-7.63,0,0.023,0.106,0.677,79.6
track_00246,Song Title 246,Ariana Grande,dance/electronic,album,69,195620,0,0.612,0.57,3,-10.26,1,0.123,0.192,0.813,131.2
track_00247,Song Title 247,Ed Sheeran,dance/electronic,single,73,218103,0,0.863,0.24,3,-17.94,1,0.045,0.05,0.378,153.3
track_00248,Song Title 248,Post Malone,rock,album,49,186634,0,0.856,0.377,11,-13.85,1,0.018,0.084,0.707,167.2
track_00249,Song Title 249,Kendrick Lamar,dance/electronic,single,55,224584,0,0.893,0.533,7,-7.83,0,0.084,0.292,0.617,128.3
track_00250,Song Title 250,Billie Eilish,latin,album,80,226104,1,0.797,0.73,5,-5.63,1,0.106,0.473,0.451,132.7
track_00251,Song Title 251,Harry Styles,indie,album,64,204162,0,0.649,0.551,5,-9.37,1,0.011,0.104,0.377,66.7
track_00252,Song Title 252,Dua Lipa,indie,single,62,228165,1,0.832,0.442,10,-11.34,0,0.026,0.129,0.331,172.5
track_00253,Song Title 253,The Weeknd,pop,album,65,210111,0,0.88,0.395,8,-12.29,1,0.02,0.078,0.586,105.6
track_00254,Song Title 254,Drake,indie,single,60,208317,0,0.682,0.648,3,-7.31,1,0.038,0.452,0.409,96.7
track_00255,Song Title 255,BTS,indie,single,72,179187,1,0.693,0.627,8,-10.88,1,0.115,0.24,0.913,113.6
track_00256,Song Title 256,Coldplay,rock,album,44,216018,0,0.534,0.511,0,-14.54,1,0.1,0.357,0.567,157.8
track_00257,Song Title 257,Post Malone,indie,album,76,189772,0,0.88,0.796,10,-7.13,1,0.087,0.102,0.111,175.2
track_00258,Song Title 258,Doja Cat,pop,album,56,240438,0,0.313,0.419,8,-14.93,1,0.001,0.206,0.451,123.1
track_00259,Song Title 259,Kendrick Lamar,hip-hop,single,75,180487,0,0.686,0.756,0,-10.01,1,0.012,0.088,0.444,145.0
track_00260,Song Title 260,Ed Sheeran,latin,album,69,219409,0,0.538,0.839,6,-8.01,1,0.02,0.247,0.441,121.1
track_00261,Song Title 261,Post Malone,rock,album,77,200878,0,0.76,0.627,5,-4.99,0,0.025,0.036,0.858,94.1
track_00262,Song Title 262,Billie Eilish,hip-hop,album,54,219321,0,0.652,0.345,6,-14.21,1,0.013,0.108,0.635,156.9
track_00263,Song Title 263,Bad Bunny,rock,single,53,207959,0,0.566,0.606,8,-9.58,1,0.042,0.099,0.53,104.4
track_00264,Song Title 264,The Weeknd,r&b,album,96,181369,0,0.666,0.676,9,-11.63,1,0.006,0.232,0.538,158.4
track_00265,Song Title 265,Harry Styles,dance/electronic,single,67,248282,0,0.66,0.773,3,-11.33,0,0.111,0.036,0.393,152.5
track_00266,Song Title 266,The Weeknd,r&b,single,62,178949,0,0.817,0.381,11,-15.55,0,0.124,0.238,0.661,135.4
track_00267,Song Title 267,BTS,indie,album,80,232490,0,0.785,0.833,8,-3.8,0,0.068,0.273,0.406,165.7
track_00268,Song Title 268,Bad Bunny,hip-hop,album,91,150556,0,0.898,0.917,2,-4.65,0,0.008,0.588,0.725,175.8
track_00269,Song Title 269,Coldplay,indie,single,50,199887,0,0.613,0.376,9,-12.79,0,0.177,0.359,0.347,115.6
track_00270,Song Title 270,Harry Styles,dance/electronic,album,50,263521,1,0.736,0.446,10,-11.39,1,0.27,0.314,0.545,99.8
track_00271,Song Title 271,Ariana Grande,rock,single,53,200359,0,0.781,0.563,10,-12.17,1,0.018,0.164,0.371,73.4
track_00272,Song Title 272,Taylor Swift,dance/electronic,album,73,213376,0,0.553,0.447,8,-10.07,1,0.098,0.539,0.668,176.1
track_00273,Song Title 273,Drake,pop,album,57,266091,0,0.933,0.446,0,-14.13,1,0.148,0.164,0.8,109.0
track_00274,Song Title 274,The Weeknd,dance/electronic,single,68,205001,0,0.742,0.796,4,-4.45,1,0.062,0.384,0.516,148.4
track_00275,Song Title 275,Dua Lipa,pop,album,55,219065,0,0.855,0.374,9,-13.13,1,0.031,0.103,0.576,101.5
track_00276,Song Title 276,The Weeknd,dance/electronic,album,58,231162,0,0.736,0.873,4,-9.61,0,0.052,0.031,0.8,158.5
track_00277,Song Title 277,Post Malone,latin,album,44,161710,0,0.291,0.458,0,-14.17,0,0.057,0.594,0.649,102.5
track_00278,Song Title 278,The Weeknd,pop,album,60,193007,0,0.893,0.787,0,-10.97,1,0.041,0.413,0.368,90.2
track_00279,Song Title 279,Kendrick Lamar,hip-hop,album,51,214545,1,0.63,0.282,2,-13.17,0,0.213,0.081,0.471,114.8
track_00280,Song Title 280,The Weeknd,indie,album,99,154144,1,0.915,0.679,8,-9.18,1,0.109,0.05,0.785,106.7
track_00281,Song Title 281,Taylor Swift,indie,single,78,257943,1,0.728,0.93,6,-9.58,1,0.022,0.204,0.434,134.9
track_00282,Song Title 282,Taylor Swift,r&b,album,79,236474,0,0.882,0.64,5,-9.01,1,0.07,0.414,0.604,118.7
track_00283,Song Title 283,Coldplay,indie,album,79,231261,0,0.978,0.379,8,-15.01,1,0.093,0.168,0.477,135.7
track_00284,Song Title 284,Ed Sheeran,rock,album,57,256199,0,0.646,0.388,3,-16.77,1,0.012,0.352,0.513,112.7
track_00285,Song Title 285,Ariana Grande,latin,single,58,235313,0,0.713,0.446,3,-9.51,0,0.036,0.223,0.825,103.4
track_00286,Song Title 286,Dua Lipa,dance/electronic,album,78,201953,0,0.767,0.941,2,-4.73,0,0.189,0.14,0.339,105.4
track_00287,Song Title 287,The Weeknd,r&b,single,76,152871,0,0.74,0.965,4,-5.15,1,0.067,0.239,0.525,171.1
track_00288,Song Title 288,The Weeknd,rock,album,56,186157,0,0.51,0.562,4,-11.81,1,0.02,0.048,0.465,125.6
track_00289,Song Title 289,Drake,rock,album,70,187171,0,0.774,0.519,11,-14.72,1,0.01,0.083,0.789,70.4
track_00290,Song Title 290,Harry Styles,pop,album,55,231657,0,0.733,0.498,9,-14.64,1,0.058,0.298,0.452,107.0
track_00291,Song Title 291,Taylor Swift,indie,album,63,212831,0,0.773,0.664,6,-6.81,1,0.063,0.5,0.796,122.4
track_00292,Song Title 292,Dua Lipa,hip-hop,album,67,155208,0,0.91,0.745,6,-9.02,1,0.033,0.411,0.76,166.1
track_00293,Song Title 293,Coldplay,hip-hop,album,57,240279,1,0.706,0.952,5,-4.73,1,0.08,0.285,0.277,145.7
track_00294,Song Title 294,BTS,r&b,single,37,256527,0,0.58,0.583,3,-14.76,1,0.006,0.006,0.43,97.0
track_00295,Song Title 295,Ed Sheeran,latin,album,61,261643,0,0.987,0.812,6,-9.64,0,0.013,0.516,0.414,180.5
track_00296,Song Title 296,Ariana Grande,hip-hop,album,74,170452,0,0.376,0.613,1,-8.98,1,0.063,0.57,0.517,119.2
track_00297,Song Title 297,Bad Bunny,dance/electronic,album,70,221254,0,0.862,0.722,11,-7.7,1,0.005,0.103,0.366,151.2
track_00298,Song Title 298,Ariana Grande,hip-hop,single,76,174777,0,0.728,0.48,8,-8.81,1,0.17,0.047,0.255,91.1
track_00299,Song Title 299,Kendrick Lamar,r&b,album,47,277871,0,0.895,0.647,6,-6.96,0,0.012,0.147,0.783,60.0
track_00300,Song Title 300,Post Malone,hip-hop,album,64,211070,0,0.884,0.76,1,-8.31,0,0.09,0.018,0.476,84.8
track_00301,Song Title 301,Kendrick Lamar,dance/electronic,album,50,197043,0,0.556,0.785,9,-6.5,1,0.04,0.157,0.773,60.0
track_00302,Song Title 302,The Weeknd,pop,single,70,190602,0,0.798,0.801,1,-7.82,0,0.041,0.192,0.275,172.8
track_00303,Song Title 303,Doja Cat,latin,album,97,221691,0,0.621,0.783,5,-3.36,1,0.116,0.158,0.761,125.4
track_00304,Song Title 304,Ed Sheeran,r&b,album,67,228046,0,0.422,0.648,10,-7.34,1,0.055,0.118,0.549,96.9
track_00305,Song Title 305,Post Malone,pop,single,86,152318,0,0.513,0.785,6,-7.11,1,0.103,0.127,0.396,131.3
track_00306,Song Title 306,Dua Lipa,pop,single,65,258890,0,0.772,0.59,8,-10.16,1,0.056,0.195,0.64,124.7
track_00307,Song Title 307,Bad Bunny,pop,album,90,226481,1,0.857,0.728,3,-5.46,0,0.072,0.128,0.389,135.5
track_00308,Song Title 308,Taylor Swift,rock,single,95,258608,0,0.803,0.664,7,-8.22,1,0.114,0.153,0.787,150.2
track_00309,Song Title 309,Ed Sheeran,latin,album,63,269874,0,0.599,0.729,9,-5.22,1,0.075,0.337,0.602,112.8
track_00310,Song Title 310,Ed Sheeran,indie,album,56,206520,0,0.503,0.728,1,-12.73,1,0.076,0.289,0.409,98.0
track_00311,Song Title 311,Kendrick Lamar,latin,album,43,239991,0,0.54,0.474,5,-11.5,1,0.125,0.228,0.468,140.7
track_00312,Song Title 312,Doja Cat,rock,album,69,189847,0,0.831,0.679,3,-10.17,1,0.238,0.104,0.572,140.1
track_00313,Song Title 313,The Weeknd,indie,album,77,193629,0,0.95,0.763,7,-4.27,0,0.038,0.169,0.463,122.5
track_00314,Song Title 314,Billie Eilish,latin,single,94,265033,1,0.907,0.452,8,-9.68,0,0.069,0.092,0.796,174.4
track_00315,Song Title 315,Coldplay,pop,album,56,184131,0,0.867,0.73,1,-8.25,1,0.007,0.254,0.73,109.1
track_00316,Song Title 316,Kendrick Lamar,r&b,album,75,216876,0,0.741,0.847,6,-3.37,1,0.036,0.05,0.825,97.5
track_00317,Song Title 317,Ed Sheeran,indie,album,55,178228,0,0.967,0.74,6,-4.59,1,0.042,0.088,0.531,130.5
track_00318,Song Title 318,Olivia Rodrigo,dance/electronic,single,54,187053,0,0.462,0.449,7,-12.66,1,0.144,0.032,0.554,103.1
track_00319,Song Title 319,Drake,dance/electronic,album,73,192320,0,0.796,0.491,4,-7.2,0,0.058,0.03,0.134,132.4
track_00320,Song Title 320,Bad Bunny,hip-hop,album,80,260650,0,0.865,0.666,10,-9.41,1,0.105,0.046,0.294,99.2
track_00321,Song Title 321,Coldplay,indie,album,67,227981,0,0.476,0.972,2,-4.88,0,0.002,0.754,0.558,110.0
track_00322,Song Title 322,Kendrick Lamar,r&b,album,75,239465,0,0.723,0.684,0,-7.33,0,0.05,0.038,0.64,167.3
track_00323,Song Title 323,Bad Bunny,rock,single,67,146761,0,0.693,0.585,3,-11.35,1,0.185,0.562,0.443,109.9
track_00324,Song Title 324,Drake,pop,single,70,211212,1,0.682,0.741,2,-7.97,1,0.02,0.131,0.572,100.0
track_00325,Song Title 325,BTS,hip-hop,album,50,196612,0,0.514,0.619,1,-7.28,0,0.003,0.168,0.414,149.3
track_00326,Song Title 326,Drake,dance/electronic,single,52,227231,1,0.934,0.597,5,-10.41,1,0.045,0.004,0.453,93.7
track_00327,Song Title 327,Doja Cat,rock,album,59,294228,0,0.679,0.613,6,-13.58,1,0.098,0.213,0.289,102.7
track_00328,Song Title 328,Drake,rock,single,61,126330,1,0.597,0.669,9,-8.55,0,0.048,0.336,0.791,134.4
track_00329,Song Title 329,Bad Bunny,pop,album,83,223980,0,0.644,0.923,6,-6.62,1,0.049,0.378,0.549,143.5
track_00330,Song Title 330,Ariana Grande,indie,album,71,287167,1,0.718,0.748,11,-6.31,1,0.089,0.008,0.525,150.5
track_00331,Song Title 331,Bad Bunny,dance/electronic,album,63,192157,1,0.838,0.384,7,-12.47,1,0.023,0.158,0.284,101.3
track_00332,Song Title 332,Billie Eilish,r&b,album,81,215244,0,0.849,0.77,1,-4.74,0,0.112,0.015,0.484,134.9
track_00333,Song Title 333,The Weeknd,rock,album,76,233679,1,0.875,0.945,10,-3.07,1,0.013,0.038,0.256,108.3
track_00334,Song Title 334,Post Malone,pop,album,87,134543,0,0.966,0.855,11,-4.15,1,0.04,0.264,0.642,104.9
track_00335,Song Title 335,Ariana Grande,r&b,album,91,219316,0,0.815,0.684,9,-10.39,0,0.085,0.388,0.617,150.1
track_00336,Song Title 336,Taylor Swift,indie,single,90,182207,0,0.938,0.353,5,-12.74,0,0.141,0.441,0.432,106.3
track_00337,Song Title 337,Post Malone,dance/electronic,album,75,281671,0,0.671,0.868,5,-2.17,0,0.125,0.003,0.35,127.0
track_00338,Song Title 338,The Weeknd,indie,album,73,202742,0,0.703,0.81,9,-8.41,0,0.102,0.28,0.966,123.9
track_00339,Song Title 339,Kendrick Lamar,rock,single,79,185138,0,0.72,0.199,11,-13.21,0,0.036,0.112,0.379,93.2
track_00340,Song Title 340,Coldplay,r&b,album,73,239632,0,0.832,0.804,0,-8.24,1,0.01,0.078,0.551,144.2
track_00341,Song Title 341,Billie Eilish,r&b,album,69,227080,0,0.571,0.468,1,-14.21,1,0.02,0.163,0.713,134.0
track_00342,Song Title 342,Billie Eilish,r&b,album,52,241357,1,0.859,0.425,8,-12.61,1,0.16,0.266,0.409,70.3
track_00343,Song Title 343,Taylor Swift,rock,single,62,276864,0,0.663,0.631,7,-8.48,1,0.156,0.175,0.817,126.9
track_00344,Song Title 344,Ariana Grande,rock,album,85,189517,0,0.695,0.704,11,-6.92,1,0.242,0.014,0.311,100.7
track_00345,Song Title 345,Doja Cat,indie,album,56,270166,0,0.624,0.538,3,-13.32,1,0.006,0.098,0.291,147.4
track_00346,Song Title 346,Harry Styles,hip-hop,single,66,275710,0,0.63,0.884,5,-4.99,0,0.062,0.343,0.578,83.9
track_00347,Song Title 347,BTS,indie,single,44,183102,0,0.676,0.755,1,-9.3,1,0.084,0.602,0.413,111.1
track_00348,Song Title 348,Drake,dance/electronic,album,93,186492,0,0.767,0.512,11,-14.78,1,0.099,0.002,0.801,129.1
track_00349,Song Title 349,Ariana Grande,pop,album,72,211652,0,0.339,0.839,4,-8.43,0,0.083,0.512,0.258,121.4
track_00350,Song Title 350,Coldplay,r&b,album,72,203011,1,0.737,0.781,1,-9.0,0,0.118,0.25,0.491,139.1
track_00351,Song Title 351,BTS,hip-hop,single,77,269816,0,0.882,0.599,4,-9.37,0,0.036,0.144,0.784,82.0
track_00352,Song Title 352,Billie Eilish,pop,album,69,179762,0,0.627,0.608,6,-7.96,1,0.016,0.185,0.347,161.3
track_00353,Song Title 353,Bad Bunny,hip-hop,album,93,218563,0,0.893,0.843,6,-9.46,0,0.018,0.142,0.601,133.1
track_00354,Song Title 354,Coldplay,latin,single,64,183207,0,0.813,0.579,8,-10.04,0,0.001,0.079,0.202,154.0
track_00355,Song Title 355,The Weeknd,indie,album,84,213796,0,0.894,0.92,2,-7.64,0,0.035,0.323,0.275,141.9
track_00356,Song Title 356,Taylor Swift,rock,album,78,284959,0,0.575,0.566,11,-9.68,1,0.008,0.03,0.581,119.7
track_00357,Song Title 357,The Weeknd,r&b,album,80,273806,0,0.74,0.672,3,-10.49,1,0.031,0.386,0.292,87.9
track_00358,Song Title 358,Harry Styles,indie,album,35,223248,0,0.417,0.701,8,-10.89,1,0.079,0.119,0.535,105.9
track_00359,Song Title 359,Coldplay,pop,album,60,232041,1,0.623,0.62,7,-8.48,1,0.18,0.016,0.357,159.7
track_00360,Song Title 360,Dua Lipa,latin,album,59,226502,1,0.873,0.492,11,-13.3,1,0.146,0.02,0.774,154.6
track_00361,Song Title 361,Dua Lipa,latin,album,59,199359,0,0.452,0.321,6,-15.49,0,0.023,0.002,0.48,104.5
track_00362,Song Title 362,Kendrick Lamar,latin,album,49,277079,0,0.764,0.758,7,-12.32,1,0.012,0.06,0.524,60.0
track_00363,Song Title 363,Ariana Grande,pop,single,39,256184,0,0.512,0.778,8,-5.66,0,0.017,0.293,0.583,114.7
track_00364,Song Title 364,Billie Eilish,pop,album,94,218203,0,0.418,0.931,11,-3.46,1,0.283,0.063,0.405,112.8
track_00365,Song Title 365,Billie Eilish,pop,single,79,202410,0,0.856,0.885,3,-5.83,1,0.064,0.469,0.657,113.8
track_00366,Song Title 366,Drake,pop,album,64,204681,0,0.786,0.525,4,-14.66,0,0.016,0.456,0.808,133.2
track_00367,Song Title 367,Drake,latin,single,65,221857,0,0.432,0.635,8,-7.43,0,0.147,0.179,0.375,141.9
track_00368,Song Title 368,Drake,latin,single,65,208773,0,0.485,0.586,6,-11.96,0,0.04,0.032,0.512,144.8
track_00369,Song Title 369,Bad Bunny,hip-hop,album,82,249882,0,0.773,0.649,3,-10.53,0,0.184,0.144,0.345,131.1
track_00370,Song Title 370,Post Malone,indie,single,65,226765,1,0.845,0.69,5,-4.34,0,0.024,0.139,0.11,75.0
track_00371,Song Title 371,Ed Sheeran,r&b,single,71,176618,1,0.56,0.862,10,-7.61,1,0.04,0.16,0.407,111.5
track_00372,Song Title 372,Post Malone,rock,album,68,169868,0,0.836,0.475,0,-10.91,1,0.056,0.32,0.743,177.6
track_00373,Song Title 373,The Weeknd,latin,album,50,244677,0,0.785,0.264,0,-14.65,1,0.179,0.11,0.536,129.4
track_00374,Song Title 374,Post Malone,rock,album,87,169528,1,0.688,0.839,8,-5.79,1,0.162,0.127,0.204,129.2
track_00375,Song Title 375,Bad Bunny,indie,single,63,197798,0,0.871,0.764,7,-7.22,1,0.068,0.549,0.649,129.0
track_00376,Song Title 376,Kendrick Lamar,indie,single,67,194613,0,0.553,0.521,0,-10.91,1,0.02,0.629,0.741,130.4
track_00377,Song Title 377,The Weeknd,rock,single,62,166652,0,0.679,0.569,10,-10.35,1,0.041,0.497,0.386,60.4
track_00378,Song Title 378,Post Malone,latin,album,76,220857,0,0.629,0.286,1,-15.53,1,0.297,0.31,0.187,114.0
track_00379,Song Title 379,Bad Bunny,rock,single,57,205666,0,0.72,0.804,3,-4.11,1,0.075,0.239,0.403,119.1
track_00380,Song Title 380,Ed Sheeran,hip-hop,album,56,187676,1,0.654,0.718,0,-11.14,0,0.122,0.054,0.68,152.0
track_00381,Song Title 381,Post Malone,dance/electronic,album,46,282981,1,0.477,0.829,1,-4.7,1,0.048,0.725,0.361,121.2
track_00382,Song Title 382,Bad Bunny,latin,album,76,124917,0,0.765,0.892,4,-4.09,1,0.061,0.133,0.499,78.8
track_00383,Song Title 383,Harry Styles,latin,album,94,179782,0,0.945,0.648,7,-8.24,1,0.045,0.056,0.637,130.8
track_00384,Song Title 384,Drake,r&b,album,85,189813,1,0.781,0.434,5,-10.82,1,0.097,0.092,0.494,99.9
track_00385,Song Title 385,Harry Styles,pop,album,39,162456,0,0.792,0.439,5,-13.15,0,0.153,0.116,0.507,89.6
track_00386,Song Title 386,Billie Eilish,dance/electronic,album,63,289026,1,0.753,0.492,3,-15.87,1,0.057,0.531,0.674,99.1
track_00387,Song Title 387,Drake,indie,album,30,288657,0,0.913,0.564,1,-11.12,1,0.052,0.328,0.276,133.6
track_00388,Song Title 388,Billie Eilish,latin,album,84,186043,0,0.93,0.609,2,-12.23,1,0.033,0.016,0.124,151.5
track_00389,Song Title 389,Olivia Rodrigo,rock,album,78,254405,0,0.726,0.523,5,-13.1,1,0.016,0.268,0.421,132.1
track_00390,Song Title 390,Taylor Swift,dance/electronic,album,65,230878,0,0.696,0.861,5,-8.71,0,0.224,0.597,0.459,135.8
track_00391,Song Title 391,Harry Styles,r&b,album,71,267964,0,0.768,0.729,4,-9.29,1,0.03,0.192,0.599,131.8
track_00392,Song Title 392,Taylor Swift,indie,album,70,206247,0,0.527,0.9,5,-6.8,1,0.129,0.121,0.587,122.5
track_00393,Song Title 393,Taylor Swift,pop,album,58,225106,0,0.546,0.763,10,-12.54,1,0.101,0.073,0.399,137.4
track_00394,Song Title 394,Ed Sheeran,pop,album,74,259089,0,0.871,0.662,5,-8.01,0,0.125,0.363,0.266,60.0
track_00395,Song Title 395,Drake,r&b,album,74,253735,0,0.779,0.919,0,-0.86,0,0.221,0.014,0.626,122.8
track_00396,Song Title 396,Olivia Rodrigo,r&b,album,77,215307,1,0.593,0.914,5,-4.16,1,0.078,0.445,0.214,93.9
track_00397,Song Title 397,Billie Eilish,rock,album,57,177009,1,0.692,0.36,4,-14.65,1,0.183,0.405,0.389,149.1
track_00398,Song Title 398,Bad Bunny,latin,single,49,183282,0,0.479,0.454,7,-12.84,0,0.015,0.063,0.226,116.3
track_00399,Song Title 399,The Weeknd,pop,album,36,145278,1,0.714,0.24,8,-17.0,0,0.079,0.541,0.331,120.8
track_00400,Song Title 400,Bad Bunny,indie,album,43,237554,0,0.538,0.725,5,-8.22,1,0.118,0.124,0.244,82.4
track_00401,Song Title 401,The Weeknd,dance/electronic,album,91,217425,0,0.752,0.861,11,-6.29,1,0.025,0.015,0.251,145.4
track_00402,Song Title 402,Harry Styles,indie,album,58,220124,1,0.703,0.603,11,-12.04,0,0.108,0.372,0.28,135.7
track_00403,Song Title 403,Dua Lipa,hip-hop,album,78,209119,0,0.876,0.823,9,-3.47,0,0.121,0.253,0.668,133.9
track_00404,Song Title 404,Bad Bunny,hip-hop,album,86,169982,0,0.872,0.584,3,-13.63,1,0.142,0.588,0.437,99.7
track_00405,Song Title 405,Post Malone,r&b,album,62,220941,1,0.9,0.472,2,-11.02,1,0.03,0.207,0.366,100.7
track_00406,Song Title 406,Post Malone,rock,album,59,231183,0,0.644,0.618,9,-10.31,1,0.092,0.075,0.383,125.6
track_00407,Song Title 407,Ariana Grande,hip-hop,album,65,179613,1,0.834,0.485,11,-8.43,1,0.029,0.223,0.673,102.6
track_00408,Song Title 408,Drake,pop,single,75,209007,1,0.765,0.924,0,-4.54,1,0.107,0.164,0.295,130.9
track_00409,Song Title 409,The Weeknd,indie,single,92,187307,0,0.751,0.724,6,-9.13,1,0.05,0.208,0.624,66.0
track_00410,Song Title 410,The Weeknd,indie,single,76,202456,1,0.581,0.271,4,-16.17,1,0.073,0.153,0.678,107.8
track_00411,Song Title 411,Coldplay,r&b,single,72,170261,0,0.684,0.607,3,-10.21,1,0.043,0.271,0.729,164.9
track_00412,Song Title 412,Kendrick Lamar,latin,album,79,200613,0,0.822,0.445,8,-15.17,0,0.014,0.517,0.269,131.0
track_00413,Song Title 413,Drake,latin,album,73,266958,0,0.974,0.593,6,-12.04,0,0.016,0.067,0.255,124.2
track_00414,Song Title 414,Ed Sheeran,dance/electronic,album,75,192433,1,0.722,0.703,9,-12.33,1,0.006,0.015,0.472,169.6
track_00415,Song Title 415,Ariana Grande,r&b,album,70,186167,0,0.879,0.655,7,-11.37,1,0.077,0.054,0.624,61.6
track_00416,Song Title 416,Ed Sheeran,dance/electronic,single,58,188365,0,0.78,0.805,3,-6.94,1,0.151,0.079,0.344,99.6
track_00417,Song Title 417,Harry Styles,latin,album,84,203342,0,0.797,0.638,9,-9.19,1,0.002,0.167,0.156,110.0
track_00418,Song Title 418,Harry Styles,r&b,single,71,272731,0,0.625,0.631,11,-13.86,0,0.005,0.225,0.501,141.5
track_00419,Song Title 419,Ed Sheeran,r&b,album,64,259199,0,0.614,0.681,9,-9.38,0,0.049,0.339,0.313,141.9
track_00420,Song Title 420,Ed Sheeran,r&b,single,66,204980,0,0.727,0.758,7,-6.74,0,0.107,0.439,0.647,98.3
track_00421,Song Title 421,Olivia Rodrigo,latin,album,50,187501,0,0.754,0.51,3,-12.17,1,0.014,0.048,0.75,144.9
track_00422,Song Title 422,Drake,dance/electronic,album,52,148365,0,0.575,0.642,0,-10.99,1,0.025,0.223,0.344,109.9
track_00423,Song Title 423,Ed Sheeran,dance/electronic,album,67,178103,1,0.632,0.477,10,-13.2,1,0.021,0.107,0.375,150.3
track_00424,Song Title 424,Post Malone,r&b,album,69,140891,0,0.969,0.803,7,-8.24,1,0.041,0.285,0.439,94.2
track_00425,Song Title 425,Kendrick Lamar,hip-hop,album,65,235904,0,0.923,0.797,0,-8.52,1,0.02,0.718,0.625,116.9
track_00426,Song Title 426,Kendrick Lamar,rock,album,63,256744,1,0.356,0.814,11,-6.63,1,0.035,0.025,0.414,107.7
track_00427,Song Title 427,Taylor Swift,latin,single,52,196866,0,0.464,0.553,2,-6.54,0,0.104,0.118,0.792,146.4
track_00428,Song Title 428,Dua Lipa,rock,album,47,223436,1,0.532,0.441,6,-14.43,0,0.076,0.214,0.309,106.9
track_00429,Song Title 429,Harry Styles,rock,album,49,171885,0,0.809,0.5,2,-12.63,0,0.007,0.06,0.58,118.9
track_00430,Song Title 430,The Weeknd,dance/electronic,album,66,142103,1,0.667,0.756,7,-8.01,1,0.081,0.212,0.763,132.7
track_00431,Song Title 431,Coldplay,dance/electronic,single,72,211948,0,0.485,0.661,4,-10.8,0,0.052,0.005,0.534,133.6
track_00432,Song Title 432,Doja Cat,hip-hop,album,43,223416,0,0.584,0.494,2,-9.9,0,0.218,0.063,0.37,142.2
track_00433,Song Title 433,The Weeknd,rock,album,59,269639,0,0.595,0.372,4,-18.79,1,0.027,0.162,0.154,125.3
track_00434,Song Title 434,Dua Lipa,rock,album,71,282211,1,0.814,0.76,4,-8.9,1,0.104,0.518,0.709,109.5
track_00435,Song Title 435,Coldplay,r&b,album,59,200250,0,0.7,0.743,7,-6.48,1,0.105,0.046,0.512,111.3
track_00436,Song Title 436,Olivia Rodrigo,dance/electronic,album,77,241924,0,0.37,0.704,11,-9.32,1,0.02,0.181,0.42,120.6
track_00437,Song Title 437,Drake,rock,album,68,221028,0,0.701,0.969,8,-6.13,0,0.187,0.229,0.926,126.2
track_00438,Song Title 438,Bad Bunny,indie,album,63,210079,0,0.755,0.576,5,-9.9,0,0.054,0.354,0.658,116.3
track_00439,Song Title 439,Drake,hip-hop,single,74,208688,0,0.988,0.594,9,-8.68,0,0.091,0.018,0.533,120.5
track_00440,Song Title 440,The Weeknd,indie,album,51,204926,0,0.808,0.845,2,-6.06,0,0.013,0.318,0.506,82.1
track_00441,Song Title 441,The Weeknd,indie,album,77,206432,1,0.641,0.665,1,-10.97,1,0.024,0.266,0.594,136.7
track_00442,Song Title 442,Coldplay,latin,album,60,267981,0,0.855,0.557,10,-10.17,1,0.071,0.06,0.391,124.5
track_00443,Song Title 443,Coldplay,latin,single,64,217510,0,0.666,0.572,2,-11.65,0,0.031,0.082,0.251,145.0
track_00444,Song Title 444,Harry Styles,hip-hop,album,67,270965,0,0.748,0.417,8,-11.83,1,0.055,0.436,0.696,120.0
track_00445,Song Title 445,Olivia Rodrigo,indie,single,89,178559,0,0.788,0.671,6,-6.3,1,0.037,0.088,0.519,76.5
track_00446,Song Title 446,Harry Styles,rock,album,58,120000,0,0.759,0.688,10,-14.2,0,0.082,0.111,0.322,111.0
track_00447,Song Title 447,Dua Lipa,dance/electronic,album,68,193798,0,0.744,0.756,10,-7.69,0,0.053,0.02,0.552,115.0
track_00448,Song Title 448,Ed Sheeran,hip-hop,album,80,180738,0,0.425,0.703,8,-12.22,1,0.0,0.04,0.218,138.6
track_00449,Song Title 449,Drake,r&b,single,73,157724,0,0.582,0.912,5,-0.52,1,0.084,0.351,0.713,68.2
track_00450,Song Title 450,Coldplay,indie,album,72,255522,0,0.764,0.515,7,-12.7,1,0.044,0.333,0.743,121.0
track_00451,Song Title 451,Billie Eilish,hip-hop,single,50,163226,1,0.451,0.61,9,-8.75,1,0.033,0.034,0.573,132.8
track_00452,Song Title 452,Dua Lipa,pop,single,55,230397,1,0.29,0.712,10,-8.68,0,0.008,0.067,0.312,103.5
track_00453,Song Title 453,Post Malone,pop,album,61,280496,0,0.58,0.736,8,-9.84,1,0.02,0.351,0.311,121.9
track_00454,Song Title 454,Olivia Rodrigo,latin,album,61,169752,1,0.888,0.937,2,-6.86,0,0.02,0.603,0.662,104.3
track_00455,Song Title 455,The Weeknd,dance/electronic,album,48,201917,0,0.689,0.631,6,-6.73,1,0.219,0.084,0.68,101.8
track_00456,Song Title 456,Harry Styles,rock,album,60,257344,0,0.52,0.804,8,-5.23,1,0.045,0.178,0.87,109.8
track_00457,Song Title 457,Dua Lipa,dance/electronic,single,88,195461,0,0.901,0.553,1,-7.26,0,0.003,0.12,0.53,102.2
track_00458,Song Title 458,Doja Cat,dance/electronic,single,65,221633,0,0.437,0.772,11,-7.54,0,0.012,0.138,0.436,137.1
track_00459,Song Title 459,Drake,dance/electronic,album,90,232375,0,0.839,0.735,6,-7.67,0,0.007,0.124,0.474,101.6
track_00460,Song Title 460,Coldplay,dance/electronic,album,69,216075,0,0.695,0.911,4,-5.96,0,0.071,0.526,0.422,97.4
track_00461,Song Title 461,The Weeknd,r&b,single,49,194309,0,0.4,0.769,7,-8.27,0,0.017,0.424,0.277,164.2
track_00462,Song Title 462,Bad Bunny,r&b,album,83,182669,0,0.74,0.659,3,-11.54,1,0.055,0.267,0.572,144.0
track_00463,Song Title 463,Doja Cat,latin,single,71,171682,0,0.624,0.713,0,-8.43,1,0.037,0.092,0.543,73.5
track_00464,Song Title 464,Olivia Rodrigo,hip-hop,album,82,230877,0,0.676,0.718,10,-10.09,1,0.13,0.018,0.61,100.9
track_00465,Song Title 465,Dua Lipa,pop,album,55,186973,0,0.751,0.567,9,-10.05,0,0.031,0.1,0.407,126.1
track_00466,Song Title 466,Ariana Grande,dance/electronic,album,79,251859,0,0.727,0.564,7,-10.64,0,0.049,0.139,0.397,128.1
track_00467,Song Title 467,The Weeknd,latin,album,87,265620,1,0.834,0.712,5,-8.03,0,0.102,0.01,0.695,82.7
track_00468,Song Title 468,Drake,hip-hop,album,70,169511,1,0.676,0.718,7,-5.16,0,0.045,0.306,0.421,149.0
track_00469,Song Title 469,Taylor Swift,pop,album,70,235836,0,0.961,0.805,2,-7.2,1,0.126,0.009,0.389,140.6
track_00470,Song Title 470,Billie Eilish,indie,album,61,282064,1,0.645,0.346,7,-12.95,0,0.087,0.047,0.61,132.0
track_00471,Song Title 471,BTS,rock,single,75,180063,0,0.847,0.6,7,-6.29,1,0.042,0.326,0.518,153.9
track_00472,Song Title 472,Doja Cat,r&b,single,70,252022,0,0.84,0.663,11,-6.78,1,0.056,0.462,0.777,131.3
track_00473,Song Title 473,Ed Sheeran,indie,album,75,229667,0,0.665,0.8,0,-4.9,1,0.273,0.303,0.661,131.2
track_00474,Song Title 474,BTS,pop,album,79,243616,0,0.565,0.75,3,-8.61,1,0.087,0.137,0.428,158.9
track_00475,Song Title 475,Drake,indie,album,58,183525,1,0.887,0.596,6,-10.01,1,0.188,0.489,0.294,147.5
track_00476,Song Title 476,Post Malone,rock,album,61,276681,0,0.84,0.705,10,-11.35,1,0.016,0.006,0.466,99.0
track_00477,Song Title 477,Harry Styles,latin,album,70,186561,0,0.689,0.724,0,-7.43,0,0.053,0.08,0.639,135.8
track_00478,Song Title 478,Post Malone,pop,album,62,232422,0,0.659,0.544,2,-10.75,0,0.191,0.052,0.455,103.4
track_00479,Song Title 479,Taylor Swift,indie,album,70,207786,0,0.765,0.5,2,-11.96,1,0.031,0.537,0.594,132.6
track_00480,Song Title 480,Doja Cat,r&b,album,60,228782,1,0.822,0.772,5,-5.6,0,0.275,0.168,0.613,131.9
track_00481,Song Title 481,Ed Sheeran,r&b,album,84,175580,0,0.67,0.804,4,-9.55,1,0.008,0.009,0.551,85.4
track_00482,Song Title 482,Ariana Grande,hip-hop,album,88,167042,0,0.826,0.665,11,-6.09,1,0.186,0.136,0.496,117.0
track_00483,Song Title 483,Taylor Swift,indie,single,74,220046,0,0.748,0.876,10,-4.18,0,0.047,0.111,0.514,126.6
track_00484,Song Title 484,Doja Cat,dance/electronic,album,73,197146,0,0.894,0.629,6,-10.08,0,0.006,0.125,0.361,109.1
track_00485,Song Title 485,Kendrick Lamar,indie,album,67,195954,0,0.833,0.817,2,-7.23,0,0.169,0.045,0.498,127.9
track_00486,Song Title 486,BTS,latin,album,59,229068,0,0.995,0.4,10,-12.63,1,0.023,0.436,0.244,140.1
track_00487,Song Title 487,Taylor Swift,pop,album,68,157686,0,0.795,0.78,0,-4.49,1,0.002,0.154,0.771,119.2
track_00488,Song Title 488,BTS,pop,single,93,252240,0,0.966,0.633,10,-9.66,1,0.012,0.01,0.397,125.6
track_00489,Song Title 489,The Weeknd,latin,album,66,214182,1,0.656,0.618,2,-9.83,1,0.086,0.091,0.731,154.6
track_00490,Song Title 490,Post Malone,indie,single,49,236699,1,0.899,0.408,7,-13.44,0,0.305,0.378,0.885,131.8
track_00491,Song Title 491,The Weeknd,latin,album,76,228457,0,0.955,0.548,4,-7.66,1,0.009,0.101,0.792,125.0
track_00492,Song Title 492,Billie Eilish,rock,album,66,230387,0,0.557,0.509,2,-12.59,1,0.05,0.515,0.288,96.0
track_00493,Song Title 493,Kendrick Lamar,latin,single,73,168053,0,0.815,0.749,7,-8.07,1,0.016,0.087,0.412,136.8
track_00494,Song Title 494,Ed Sheeran,r&b,album,79,250764,0,0.331,0.68,5,-6.19,1,0.109,0.033,0.406,128.3
track_00495,Song Title 495,Ariana Grande,latin,album,79,219551,0,0.784,0.823,2,-6.54,1,0.01,0.402,0.539,152.1
track_00496,Song Title 496,Olivia Rodrigo,pop,album,56,193375,0,0.845,0.651,4,-7.31,0,0.022,0.318,0.764,121.2
track_00497,Song Title 497,BTS,r&b,album,61,205614,0,0.561,0.853,0,-8.18,1,0.017,0.178,0.441,74.6
track_00498,Song Title 498,Ariana Grande,pop,single,64,222674,0,0.591,0.517,5,-12.14,0,0.064,0.217,0.485,77.5
track_00499,Song Title 499,BTS,hip-hop,album,57,216308,0,0.721,0.996,11,-1.09,1,0.165,0.031,0.661,138.4
track_00500,Song Title 500,Drake,dance/electronic,album,71,230903,0,0.824,0.519,8,-13.05,0,0.057,0.213,0.693,105.7
track_00501,Song Title 501,Taylor Swift,pop,album,49,267868,0,0.513,0.873,11,-6.33,1,0.005,0.002,0.646,130.9
track_00502,Song Title 502,Billie Eilish,r&b,album,84,173717,0,0.662,0.881,6,-5.39,1,0.066,0.148,0.368,122.9
track_00503,Song Title 503,Post Malone,hip-hop,album,77,236259,0,0.507,0.797,10,-9.23,1,0.128,0.121,0.294,115.8
track_00504,Song Title 504,Olivia Rodrigo,pop,album,69,206244,0,0.952,0.42,7,-14.11,1,0.011,0.562,0.408,117.6
track_00505,Song Title 505,Coldplay,rock,album,58,249989,0,0.738,0.504,5,-11.7,1,0.006,0.137,0.632,98.4
track_00506,Song Title 506,BTS,latin,single,69,266897,0,0.601,0.909,10,-5.36,1,0.017,0.371,0.544,119.6
track_00507,Song Title 507,Ariana Grande,dance/electronic,album,67,216864,0,0.861,0.64,4,-7.2,0,0.11,0.078,0.54,105.4
track_00508,Song Title 508,Billie Eilish,pop,album,51,231728,0,0.678,0.654,11,-6.46,1,0.072,0.378,0.392,110.7
track_00509,Song Title 509,Bad Bunny,hip-hop,single,75,252562,1,0.907,0.866,5,-7.85,1,0.062,0.02,0.822,111.9
track_00510,Song Title 510,Olivia Rodrigo,rock,album,66,244938,0,0.529,0.28,6,-15.3,1,0.023,0.067,0.788,114.3
track_00511,Song Title 511,Bad Bunny,indie,album,68,253986,0,0.751,0.747,8,-6.7,1,0.032,0.389,0.475,143.1
track_00512,Song Title 512,The Weeknd,hip-hop,album,89,199567,0,0.819,0.839,7,-3.55,0,0.27,0.367,0.274,116.8
track_00513,Song Title 513,Post Malone,latin,album,83,191909,0,0.867,0.633,4,-8.44,0,0.022,0.023,0.927,145.6
track_00514,Song Title 514,Harry Styles,hip-hop,album,71,170233,0,0.789,0.538,6,-10.81,1,0.186,0.453,0.94,158.4
track_00515,Song Title 515,Harry Styles,rock,single,47,203163,0,0.604,0.594,7,-9.16,1,0.07,0.017,0.772,141.4
track_00516,Song Title 516,Coldplay,hip-hop,album,64,207054,0,0.793,0.581,0,-9.36,1,0.011,0.236,0.412,133.4
track_00517,Song Title 517,Drake,rock,album,54,204973,1,0.512,0.815,7,-8.81,1,0.05,0.118,0.478,128.2
track_00518,Song Title 518,Ariana Grande,pop,single,63,227227,0,0.728,0.72,10,-8.09,1,0.237,0.486,0.696,141.6
track_00519,Song Title 519,Doja Cat,rock,album,51,228139,0,0.718,0.152,6,-14.66,1,0.043,0.051,0.416,122.2
track_00520,Song Title 520,Coldplay,rock,album,60,207710,1,0.524,0.636,10,-10.24,1,0.159,0.021,0.574,144.6
track_00521,Song Title 521,Taylor Swift,dance/electronic,album,86,222136,0,0.952,0.517,11,-11.47,0,0.024,0.031,0.281,135.4
track_00522,Song Title 522,Taylor Swift,rock,single,68,238936,1,0.415,0.813,11,-7.48,1,0.068,0.268,0.693,111.0
track_00523,Song Title 523,Ariana Grande,rock,album,84,182042,0,0.819,0.663,1,-14.02,1,0.149,0.097,0.617,142.4
track_00524,Song Title 524,Doja Cat,indie,album,55,242662,1,0.919,0.683,1,-9.03,1,0.203,0.123,0.465,122.3
track_00525,Song Title 525,Ed Sheeran,pop,album,66,188602,0,0.68,0.634,11,-9.25,0,0.053,0.281,0.252,117.3
track_00526,Song Title 526,Drake,latin,album,81,260367,0,0.715,0.815,5,-7.99,0,0.082,0.284,0.424,108.1
track_00527,Song Title 527,Billie Eilish,dance/electronic,album,87,215818,0,0.754,0.518,2,-14.02,1,0.0,0.004,0.264,124.2
track_00528,Song Title 528,BTS,indie,album,56,212243,0,0.878,0.712,0,-10.37,0,0.023,0.054,0.67,144.9
track_00529,Song Title 529,Doja Cat,r&b,single,71,147360,0,0.945,0.852,7,-4.84,1,0.026,0.34,0.464,142.2
track_00530,Song Title 530,Harry Styles,pop,album,79,233026,0,0.52,0.755,6,-3.98,0,0.008,0.098,0.663,128.8
track_00531,Song Title 531,Olivia Rodrigo,pop,album,70,213326,0,0.985,0.56,3,-8.28,1,0.026,0.212,0.17,135.0
track_00532,Song Title 532,Ed Sheeran,r&b,single,61,216095,0,0.85,0.67,0,-11.96,1,0.031,0.149,0.68,151.8
track_00533,Song Title 533,BTS,latin,single,48,206742,0,0.835,0.645,1,-7.97,1,0.277,0.443,0.576,116.3
track_00534,Song Title 534,BTS,rock,album,56,231881,0,0.674,0.743,8,-9.43,1,0.088,0.266,0.59,92.1
track_00535,Song Title 535,Ed Sheeran,indie,album,56,238891,1,0.74,0.981,3,-5.47,1,0.044,0.075,0.316,152.5
track_00536,Song Title 536,The Weeknd,hip-hop,album,71,226940,0,0.827,0.506,2,-12.82,1,0.354,0.023,0.491,106.8
track_00537,Song Title 537,Bad Bunny,dance/electronic,single,67,256097,1,0.452,0.386,7,-12.41,0,0.013,0.122,0.501,102.7
track_00538,Song Title 538,BTS,hip-hop,single,50,184824,0,0.747,0.59,3,-8.64,0,0.052,0.307,0.63,75.1
track_00539,Song Title 539,Ed Sheeran,r&b,album,73,189250,0,0.83,0.609,6,-10.45,1,0.083,0.156,0.323,134.3
track_00540,Song Title 540,Doja Cat,pop,single,83,224234,0,0.732,0.732,4,-8.45,1,0.005,0.004,0.303,79.5
track_00541,Song Title 541,Ed Sheeran,latin,album,76,233162,0,0.914,0.847,4,-5.52,1,0.101,0.195,0.256,101.2
track_00542,Song Title 542,Kendrick Lamar,pop,album,40,228084,0,0.348,0.832,10,-5.56,0,0.008,0.354,0.227,134.7
track_00543,Song Title 543,Coldplay,dance/electronic,album,72,164936,0,0.968,0.272,5,-13.29,1,0.012,0.091,0.234,138.0
track_00544,Song Title 544,Dua Lipa,pop,single,66,167912,0,0.712,0.518,11,-14.29,1,0.014,0.097,0.497,103.7
track_00545,Song Title 545,The Weeknd,pop,album,64,203532,1,0.873,0.324,3,-14.78,1,0.211,0.125,0.521,116.6
track_00546,Song Title 546,Post Malone,dance/electronic,single,72,147375,0,0.933,0.882,1,-8.03,1,0.092,0.131,0.275,98.2
track_00547,Song Title 547,Dua Lipa,indie,single,64,219131,0,0.566,0.473,5,-12.54,1,0.085,0.026,0.511,106.3
track_00548,Song Title 548,Coldplay,indie,single,77,207380,0,0.623,0.831,4,-7.16,1,0.065,0.067,0.557,126.7
track_00549,Song Title 549,Coldplay,dance/electronic,album,100,177993,0,0.688,0.897,2,-5.75,0,0.028,0.219,0.687,107.5
track_00550,Song Title 550,Coldplay,latin,album,65,190689,0,0.65,0.462,3,-14.21,1,0.078,0.074,0.161,113.9
track_00551,Song Title 551,Dua Lipa,r&b,album,83,213840,0,0.566,0.596,2,-13.44,0,0.042,0.057,0.53,83.4
track_00552,Song Title 552,Ariana Grande,pop,album,75,157726,0,0.786,0.622,2,-14.24,1,0.013,0.045,0.563,148.3
track_00553,Song Title 553,Bad Bunny,latin,album,70,188880,0,0.794,0.867,3,-6.39,0,0.094,0.371,0.532,132.8
track_00554,Song Title 554,Ed Sheeran,pop,single,53,200781,0,0.434,0.41,1,-14.31,1,0.011,0.49,0.337,139.8
track_00555,Song Title 555,Olivia Rodrigo,r&b,album,56,199506,1,0.59,0.863,3,-7.55,0,0.017,0.078,0.252,152.3
track_00556,Song Title 556,Bad Bunny,indie,album,75,200512,1,0.86,0.6,9,-7.76,1,0.136,0.127,0.231,99.4
track_00557,Song Title 557,Harry Styles,latin,album,47,257566,0,0.749,0.723,10,-10.14,0,0.086,0.128,0.645,111.0
track_00558,Song Title 558,Doja Cat,rock,album,51,243199,0,0.579,0.943,1,-2.08,1,0.08,0.745,0.231,72.6
track_00559,Song Title 559,Drake,rock,album,73,187490,0,0.736,0.72,9,-5.24,1,0.043,0.033,0.22,198.5
track_00560,Song Title 560,Ariana Grande,rock,album,72,173698,1,0.568,0.529,7,-15.43,1,0.04,0.418,0.499,116.3
track_00561,Song Title 561,Post Malone,indie,single,83,195532,0,0.551,0.704,9,-8.55,0,0.094,0.097,0.173,146.0
track_00562,Song Title 562,Bad Bunny,indie,album,72,252950,0,0.931,0.643,4,-10.51,1,0.108,0.035,0.678,89.0
track_00563,Song Title 563,Olivia Rodrigo,r&b,single,69,135544,0,0.846,0.64,6,-15.58,0,0.057,0.391,0.381,144.9
track_00564,Song Title 564,Taylor Swift,pop,single,88,212925,0,0.887,0.821,10,-9.75,1,0.279,0.129,0.7,166.4
track_00565,Song Title 565,Coldplay,r&b,album,51,199218,0,0.58,0.776,3,-6.03,1,0.249,0.203,0.377,118.5
track_00566,Song Title 566,BTS,r&b,single,77,251942,0,0.781,0.758,9,-3.84,1,0.043,0.161,0.462,94.7
track_00567,Song Title 567,Harry Styles,indie,album,51,244340,0,0.622,0.436,5,-11.21,0,0.137,0.176,0.563,116.5
track_00568,Song Title 568,Drake,rock,single,69,158615,0,0.67,0.917,11,-4.68,1,0.063,0.223,0.758,64.3
track_00569,Song Title 569,The Weeknd,hip-hop,album,58,251882,0,0.664,0.693,9,-8.95,1,0.057,0.417,0.375,119.1
track_00570,Song Title 570,Post Malone,pop,single,79,128318,0,0.816,0.816,3,-3.57,0,0.005,0.169,0.313,140.5
track_00571,Song Title 571,Doja Cat,indie,single,71,231429,0,0.669,0.467,5,-8.23,1,0.068,0.073,0.276,119.1
track_00572,Song Title 572,Drake,rock,single,81,234571,0,0.578,0.935,0,-6.22,1,0.185,0.142,0.519,112.9
track_00573,Song Title 573,Coldplay,latin,single,73,268980,1,0.728,0.647,5,-13.65,1,0.121,0.103,0.649,133.2
track_00574,Song Title 574,BTS,hip-hop,album,75,217957,0,0.666,0.875,5,-10.2,1,0.123,0.058,0.627,135.1
track_00575,Song Title 575,Ariana Grande,hip-hop,album,93,186744,0,0.826,0.705,1,-6.07,0,0.014,0.218,0.687,78.5
track_00576,Song Title 576,BTS,indie,album,42,174707,0,0.598,0.444,11,-13.0,1,0.036,0.191,0.695,122.2
track_00577,Song Title 577,Dua Lipa,dance/electronic,album,87,261107,0,0.517,0.818,9,-6.54,1,0.021,0.163,0.358,180.9
track_00578,Song Title 578,BTS,pop,album,55,269398,0,0.71,0.405,9,-17.1,0,0.03,0.45,0.059,86.6
track_00579,Song Title 579,Dua Lipa,hip-hop,album,81,194303,0,0.963,0.713,8,-10.09,0,0.069,0.235,0.394,117.9
track_00580,Song Title 580,Harry Styles,indie,single,68,210776,1,0.614,0.864,5,-6.76,1,0.036,0.009,0.664,168.5
track_00581,Song Title 581,Ariana Grande,indie,album,54,257715,0,0.728,0.392,11,-13.31,0,0.066,0.2,0.285,147.6
track_00582,Song Title 582,Doja Cat,rock,single,66,236917,0,0.577,0.558,10,-11.87,1,0.046,0.351,0.643,107.2
track_00583,Song Title 583,Billie Eilish,latin,album,87,203462,0,0.81,0.932,6,-7.17,0,0.027,0.25,0.479,125.2
track_00584,Song Title 584,Coldplay,dance/electronic,single,76,183411,0,0.897,0.628,1,-11.53,0,0.008,0.25,0.49,119.9
track_00585,Song Title 585,Dua Lipa,pop,single,72,180554,0,0.901,0.826,1,-4.37,0,0.178,0.011,0.648,101.3
track_00586,Song Title 586,The Weeknd,r&b,album,100,243367,0,0.927,0.832,1,-6.19,0,0.001,0.366,0.38,118.1
track_00587,Song Title 587,BTS,latin,album,93,197154,0,0.836,0.926,9,-3.96,1,0.0,0.003,0.744,113.0
track_00588,Song Title 588,BTS,latin,single,81,195768,0,0.727,0.713,10,-10.4,1,0.14,0.137,0.546,122.8
track_00589,Song Title 589,The Weeknd,rock,album,65,231416,0,0.698,0.741,8,-14.05,1,0.46,0.154,0.818,101.3
track_00590,Song Title 590,Doja Cat,hip-hop,album,53,212821,0,0.712,0.489,2,-13.22,1,0.104,0.441,0.497,88.1
track_00591,Song Title 591,Taylor Swift,hip-hop,album,72,223630,0,0.774,0.871,3,-7.79,1,0.001,0.077,0.384,119.0
track_00592,Song Title 592,Harry Styles,rock,album,85,198658,0,0.665,0.85,0,-5.71,0,0.021,0.064,0.693,162.9
track_00593,Song Title 593,Ed Sheeran,indie,album,61,197203,1,0.872,0.652,0,-3.0,1,0.286,0.073,0.513,122.1
track_00594,Song Title 594,Billie Eilish,hip-hop,album,48,184294,0,0.522,0.847,3,-5.06,1,0.132,0.6,0.2,111.7
track_00595,Song Title 595,Post Malone,dance/electronic,album,75,234813,0,0.507,0.891,1,-0.28,1,0.067,0.1,0.806,138.9
track_00596,Song Title 596,Olivia Rodrigo,pop,album,76,212976,0,0.852,0.717,7,-7.39,1,0.022,0.169,0.534,116.0
track_00597,Song Title 597,Dua Lipa,latin,single,67,220260,0,0.919,0.751,3,-9.25,0,0.001,0.081,0.766,166.7
track_00598,Song Title 598,The Weeknd,latin,album,52,174309,0,0.767,0.634,2,-9.16,1,0.002,0.386,0.533,119.9
track_00599,Song Title 599,Olivia Rodrigo,dance/electronic,single,89,234349,0,0.768,0.733,2,-4.71,0,0.076,0.089,0.303,137.5
track_00600,Song Title 600,Ariana Grande,hip-hop,album,66,220922,1,0.887,0.338,5,-10.93,1,0.002,0.436,0.567,101.1
track_00601,Song Title 601,Doja Cat,latin,album,56,235560,0,0.787,0.685,11,-10.19,0,0.404,0.026,0.615,132.6
track_00602,Song Title 602,Dua Lipa,r&b,album,42,222079,0,0.751,0.272,5,-15.14,1,0.016,0.402,0.332,126.9
track_00603,Song Title 603,Ed Sheeran,pop,album,58,220010,0,0.511,0.538,5,-14.25,1,0.099,0.026,0.41,118.6
track_00604,Song Title 604,Olivia Rodrigo,pop,album,86,146294,1,0.791,0.95,5,-3.15,0,0.013,0.097,0.484,107.5
track_00605,Song Title 605,Ariana Grande,latin,album,71,249821,0,0.66,0.61,7,-7.14,1,0.062,0.266,0.77,104.0
track_00606,Song Title 606,Drake,rock,album,92,163783,0,0.948,0.791,7,-7.26,1,0.007,0.007,0.159,127.1
track_00607,Song Title 607,Coldplay,latin,album,41,246297,0,0.501,0.641,8,-11.08,1,0.116,0.389,0.476,135.7
track_00608,Song Title 608,BTS,rock,album,70,207451,0,0.582,0.816,0,-6.23,1,0.07,0.192,0.685,116.8
track_00609,Song Title 609,Drake,latin,album,84,153764,0,0.614,0.798,9,-6.4,1,0.007,0.25,0.23,127.2
track_00610,Song Title 610,Dua Lipa,r&b,album,83,206985,0,0.503,0.836,7,-6.47,0,0.151,0.142,0.961,119.1
track_00611,Song Title 611,Ed Sheeran,indie,single,71,157491,0,0.863,0.306,4,-14.74,1,0.063,0.009,0.689,122.5
track_00612,Song Title 612,Billie Eilish,pop,album,92,248779,0,0.759,0.596,2,-10.81,1,0.204,0.429,0.237,115.0
track_00613,Song Title 613,Olivia Rodrigo,latin,album,74,191949,0,0.412,0.84,10,-4.57,1,0.199,0.023,0.481,120.4
track_00614,Song Title 614,Harry Styles,r&b,single,76,173558,0,0.724,0.439,9,-11.51,1,0.203,0.165,0.334,187.5
track_00615,Song Title 615,Coldplay,rock,album,61,233129,0,0.501,0.65,2,-11.56,0,0.006,0.281,0.363,127.8
track_00616,Song Title 616,Dua Lipa,rock,album,52,208517,1,0.844,0.441,5,-14.97,0,0.01,0.503,0.504,136.1
track_00617,Song Title 617,Doja Cat,pop,single,56,228205,1,0.446,0.822,7,-7.36,0,0.352,0.029,0.117,131.0
track_00618,Song Title 618,The Weeknd,dance/electronic,album,71,206013,0,0.799,0.602,9,-8.89,0,0.053,0.212,0.127,113.4
track_00619,Song Title 619,Harry Styles,latin,album,51,250482,1,0.65,0.088,1,-18.3,0,0.022,0.296,0.512,152.3
track_00620,Song Title 620,Harry Styles,hip-hop,album,43,195947,0,0.618,0.848,11,-7.73,1,0.117,0.497,0.441,112.7
track_00621,Song Title 621,Harry Styles,rock,album,63,154843,0,0.709,0.918,8,-4.79,0,0.025,0.001,0.519,146.4
track_00622,Song Title 622,Bad Bunny,indie,album,69,171699,0,0.921,0.54,4,-12.02,1,0.104,0.065,0.513,111.6
track_00623,Song Title 623,Dua Lipa,indie,album,74,225231,0,0.464,0.772,4,-5.89,0,0.145,0.081,0.318,96.0
track_00624,Song Title 624,Coldplay,rock,album,57,186977,0,0.576,0.435,0,-12.38,1,0.123,0.379,0.585,129.1
track_00625,Song Title 625,BTS,dance/electronic,album,66,254918,0,0.821,0.544,5,-11.92,1,0.026,0.254,0.549,92.4
track_00626,Song Title 626,BTS,dance/electronic,single,62,169026,0,0.774,0.769,10,-7.23,0,0.041,0.044,0.902,133.4
track_00627,Song Title 627,Dua Lipa,r&b,single,60,245637,0,0.394,0.544,10,-8.67,1,0.043,0.024,0.395,90.1
track_00628,Song Title 628,Ariana Grande,indie,album,81,194843,0,0.735,0.747,4,-9.18,1,0.054,0.497,0.323,112.0
track_00629,Song Title 629,Bad Bunny,r&b,album,64,255763,0,0.743,0.53,6,-10.71,1,0.015,0.452,0.64,84.2
track_00630,Song Title 630,The Weeknd,indie,album,49,227697,0,0.674,0.871,6,-6.2,0,0.048,0.427,0.505,190.6
track_00631,Song Title 631,Harry Styles,latin,album,58,216737,0,0.869,0.804,3,-6.29,1,0.057,0.311,0.34,78.7
track_00632,Song Title 632,Harry Styles,latin,album,80,233254,1,0.688,0.892,4,-7.04,1,0.061,0.107,0.526,120.2
track_00633,Song Title 633,Dua Lipa,hip-hop,album,73,252932,1,0.894,0.829,9,-6.52,0,0.137,0.187,0.593,148.6
track_00634,Song Title 634,Ariana Grande,latin,single,65,208221,0,0.661,0.656,7,-7.29,1,0.058,0.241,0.503,145.9
track_00635,Song Title 635,BTS,hip-hop,album,60,144305,1,0.553,0.754,1,-9.81,0,0.021,0.067,0.58,141.3
track_00636,Song Title 636,BTS,latin,album,74,252001,0,0.84,0.474,0,-15.08,0,0.087,0.113,0.349,112.1
track_00637,Song Title 637,Ed Sheeran,pop,album,70,200506,1,0.78,0.774,5,-10.2,1,0.128,0.031,0.655,153.8
track_00638,Song Title 638,Dua Lipa,latin,album,71,299596,0,0.783,0.72,10,-10.82,1,0.031,0.027,0.576,142.8
track_00639,Song Title 639,Bad Bunny,r&b,single,60,188905,0,0.849,0.569,3,-9.71,0,0.083,0.104,0.256,125.3
track_00640,Song Title 640,Taylor Swift,rock,single,66,196672,0,0.704,0.208,9,-19.48,1,0.013,0.41,0.601,126.0
track_00641,Song Title 641,Bad Bunny,r&b,single,74,236055,0,0.89,0.89,2,-6.36,0,0.033,0.191,0.378,112.4
track_00642,Song Title 642,Doja Cat,rock,album,77,236655,0,0.607,0.882,6,-4.65,0,0.192,0.198,0.938,97.3
track_00643,Song Title 643,BTS,dance/electronic,album,59,224791,0,0.714,0.928,7,-4.32,1,0.194,0.199,0.405,150.9
track_00644,Song Title 644,BTS,r&b,album,88,190402,0,0.742,0.542,10,-12.1,1,0.069,0.103,0.292,152.8
track_00645,Song Title 645,Drake,dance/electronic,album,88,169393,0,0.791,0.704,11,-8.35,0,0.097,0.029,0.365,97.9
track_00646,Song Title 646,BTS,hip-hop,album,43,186302,0,0.389,0.84,3,-6.34,0,0.154,0.009,0.493,116.2
track_00647,Song Title 647,The Weeknd,hip-hop,single,68,156916,1,0.961,0.866,11,-6.59,1,0.255,0.193,0.412,116.4
track_00648,Song Title 648,Post Malone,pop,album,73,282220,0,0.739,0.882,11,-6.32,1,0.054,0.564,0.592,119.2
track_00649,Song Title 649,Dua Lipa,latin,album,44,174138,0,0.689,0.382,9,-9.41,1,0.066,0.311,0.267,121.6
track_00650,Song Title 650,Olivia Rodrigo,r&b,album,54,199708,0,0.398,0.649,11,-8.0,0,0.043,0.432,0.301,143.7
track_00651,Song Title 651,Bad Bunny,dance/electronic,album,65,234235,0,0.771,0.561,10,-6.06,1,0.006,0.645,0.494,101.3
track_00652,Song Title 652,Post Malone,rock,album,54,210182,0,0.319,0.779,10,-8.54,1,0.044,0.435,0.217,98.8
track_00653,Song Title 653,Ariana Grande,hip-hop,single,70,189303,1,0.588,0.472,5,-12.62,1,0.125,0.008,0.665,150.9
track_00654,Song Title 654,Taylor Swift,latin,single,54,204799,0,0.599,0.483,10,-14.94,1,0.131,0.135,0.327,108.4
track_00655,Song Title 655,The Weeknd,hip-hop,single,45,188699,0,0.614,0.864,10,-7.8,1,0.178,0.032,0.453,88.4
track_00656,Song Title 656,Coldplay,rock,album,79,201094,1,0.837,0.55,1,-7.4,0,0.004,0.265,0.235,107.9
track_00657,Song Title 657,Kendrick Lamar,latin,album,79,223669,0,0.745,0.651,7,-10.62,0,0.06,0.259,0.194,111.7
track_00658,Song Title 658,Bad Bunny,latin,album,92,173715,0,0.622,0.387,5,-9.98,0,0.009,0.034,0.738,158.9
track_00659,Song Title 659,Post Malone,dance/electronic,album,36,247815,0,0.473,0.599,10,-12.9,0,0.018,0.048,0.4,143.1
track_00660,Song Title 660,Coldplay,dance/electronic,single,75,212544,0,0.5,0.729,8,-10.44,1,0.184,0.067,0.296,148.7
track_00661,Song Title 661,Taylor Swift,r&b,album,50,189577,0,0.844,0.727,10,-9.05,1,0.055,0.133,0.658,140.5
track_00662,Song Title 662,Drake,r&b,album,83,198952,0,0.795,0.505,5,-12.04,0,0.114,0.526,0.889,143.7
track_00663,Song Title 663,Coldplay,indie,album,73,250860,0,0.64,0.729,5,-6.49,1,0.005,0.227,0.454,102.8
track_00664,Song Title 664,The Weeknd,indie,album,65,238644,1,0.969,0.713,11,-7.69,1,0.043,0.072,0.643,115.0
track_00665,Song Title 665,The Weeknd,pop,single,80,218399,0,0.776,0.593,1,-11.35,1,0.09,0.002,0.692,95.3
track_00666,Song Title 666,Olivia Rodrigo,hip-hop,album,56,188983,0,0.702,0.53,4,-11.78,1,0.011,0.327,0.572,114.7
track_00667,Song Title 667,Drake,r&b,album,61,229888,0,0.62,0.416,8,-13.99,1,0.032,0.408,0.413,137.1
track_00668,Song Title 668,Kendrick Lamar,dance/electronic,album,75,210495,0,0.862,0.809,0,-8.89,0,0.005,0.315,0.822,123.4
track_00669,Song Title 669,Dua Lipa,rock,album,90,271098,0,0.664,0.733,3,-10.05,0,0.084,0.09,0.312,152.8
track_00670,Song Title 670,Coldplay,dance/electronic,single,97,208685,0,0.822,0.869,9,-4.04,0,0.283,0.157,0.759,91.5
track_00671,Song Title 671,Drake,hip-hop,single,61,268933,1,0.785,0.606,9,-13.96,1,0.14,0.202,0.417,132.5
track_00672,Song Title 672,The Weeknd,indie,single,88,216819,0,0.838,0.8,2,-3.97,0,0.294,0.1,0.398,88.8
track_00673,Song Title 673,The Weeknd,dance/electronic,single,63,173710,0,0.507,0.345,0,-15.16,1,0.149,0.003,0.209,122.4
track_00674,Song Title 674,Post Malone,pop,album,46,325385,0,0.633,0.514,0,-13.33,1,0.155,0.2,0.433,138.5
track_00675,Song Title 675,BTS,hip-hop,album,59,159356,0,0.564,0.814,0,-5.49,1,0.069,0.186,0.356,114.6
track_00676,Song Title 676,Kendrick Lamar,indie,album,87,140814,0,0.403,0.53,0,-8.54,1,0.058,0.075,0.7,133.8
track_00677,Song Title 677,Coldplay,rock,album,75,137384,0,0.853,0.764,1,-5.54,0,0.042,0.345,0.611,96.0
track_00678,Song Title 678,Olivia Rodrigo,indie,single,78,305888,0,0.622,0.956,10,-3.71,1,0.136,0.555,0.57,78.4
track_00679,Song Title 679,Olivia Rodrigo,latin,album,70,284339,0,0.709,0.934,4,-2.88,1,0.016,0.211,0.372,133.9
track_00680,Song Title 680,Coldplay,pop,single,61,215040,1,0.693,0.573,1,-14.26,0,0.005,0.056,0.684,163.6
track_00681,Song Title 681,Doja Cat,hip-hop,album,72,225194,1,0.864,0.639,3,-10.83,0,0.236,0.126,0.277,95.1
track_00682,Song Title 682,Harry Styles,rock,album,67,218782,0,0.474,0.954,8,-6.56,1,0.0,0.019,0.355,150.6
track_00683,Song Title 683,Taylor Swift,pop,album,44,148027,1,0.553,0.519,2,-9.24,0,0.301,0.119,0.388,121.1
track_00684,Song Title 684,Olivia Rodrigo,indie,single,55,261058,0,0.676,0.851,1,-7.16,0,0.104,0.417,0.603,86.6
track_00685,Song Title 685,Drake,pop,album,78,256475,1,0.816,0.653,3,-7.86,1,0.032,0.235,0.332,91.7
track_00686,Song Title 686,Taylor Swift,hip-hop,album,73,166911,0,0.838,0.942,8,-3.85,0,0.096,0.119,0.598,120.4
track_00687,Song Title 687,Drake,r&b,album,67,221398,1,0.617,0.61,3,-11.97,0,0.136,0.011,0.122,109.9
track_00688,Song Title 688,Ariana Grande,pop,album,71,207430,1,0.982,0.553,11,-12.32,1,0.023,0.492,0.826,87.2
track_00689,Song Title 689,The Weeknd,latin,album,75,202609,0,0.602,0.931,4,-2.51,1,0.118,0.146,0.396,77.6
track_00690,Song Title 690,BTS,pop,single,80,186231,1,0.551,0.842,3,-8.08,1,0.131,0.26,0.665,98.8
track_00691,Song Title 691,Post Malone,indie,album,62,206068,0,0.943,0.67,7,-9.02,1,0.023,0.097,0.109,124.8
track_00692,Song Title 692,Olivia Rodrigo,indie,album,75,191560,0,0.845,0.55,3,-12.77,0,0.003,0.223,0.173,119.8
track_00693,Song Title 693,BTS,rock,album,86,247248,0,0.874,0.91,1,-6.07,0,0.018,0.198,0.807,107.5
track_00694,Song Title 694,BTS,indie,album,74,209032,0,0.574,0.625,11,-10.1,1,0.018,0.254,0.244,125.0
track_00695,Song Title 695,BTS,dance/electronic,single,61,185760,0,0.925,0.766,3,-9.32,1,0.005,0.003,0.589,146.0
track_00696,Song Title 696,Harry Styles,hip-hop,album,63,209117,0,0.655,0.449,1,-14.74,0,0.104,0.312,0.696,129.9
track_00697,Song Title 697,Taylor Swift,hip-hop,album,85,205054,1,0.677,0.528,8,-10.98,0,0.038,0.157,0.297,117.0
track_00698,Song Title 698,Drake,r&b,album,69,203581,0,0.711,0.74,10,-9.85,0,0.173,0.093,0.757,143.2
track_00699,Song Title 699,Billie Eilish,r&b,single,64,233698,0,0.484,0.522,7,-13.27,1,0.023,0.282,0.558,96.0
track_00700,Song Title 700,Ariana Grande,hip-hop,single,76,200317,1,0.945,0.313,8,-16.87,0,0.048,0.191,0.659,114.4
track_00701,Song Title 701,Bad Bunny,latin,album,56,190012,1,0.821,0.653,3,-9.71,1,0.082,0.308,0.391,115.0
track_00702,Song Title 702,BTS,r&b,album,91,162395,1,0.45,0.969,0,-2.61,0,0.168,0.102,0.284,89.1
track_00703,Song Title 703,Dua Lipa,rock,album,64,209699,0,0.556,0.496,2,-9.05,1,0.059,0.379,0.609,109.5
track_00704,Song Title 704,Taylor Swift,indie,single,71,253587,1,0.419,0.877,6,-7.42,1,0.037,0.152,0.695,68.1
track_00705,Song Title 705,Olivia Rodrigo,hip-hop,album,48,205666,0,0.638,0.838,0,-2.29,1,0.161,0.268,0.544,167.8
track_00706,Song Title 706,Kendrick Lamar,r&b,album,75,192437,0,0.844,0.618,10,-12.12,1,0.03,0.468,0.815,96.6
track_00707,Song Title 707,Olivia Rodrigo,hip-hop,album,71,183496,0,0.573,0.566,7,-8.78,1,0.007,0.008,0.668,159.7
track_00708,Song Title 708,Post Malone,dance/electronic,album,83,149665,0,0.732,0.413,8,-14.84,0,0.047,0.167,0.797,121.0
track_00709,Song Title 709,Bad Bunny,pop,album,58,251175,0,0.482,0.655,7,-11.26,0,0.123,0.216,0.845,134.1
track_00710,Song Title 710,Billie Eilish,indie,single,63,226964,0,0.785,0.796,4,-8.76,1,0.003,0.004,0.717,107.8
track_00711,Song Title 711,Dua Lipa,hip-hop,album,48,236937,0,0.38,0.422,11,-13.36,1,0.071,0.095,0.602,125.2
track_00712,Song Title 712,Olivia Rodrigo,pop,album,71,218787,0,0.837,0.859,10,-5.1,1,0.072,0.033,0.25,136.3
track_00713,Song Title 713,Billie Eilish,r&b,album,54,181812,0,0.956,0.752,11,-6.63,1,0.211,0.712,0.897,136.6
track_00714,Song Title 714,Bad Bunny,pop,single,86,198910,0,0.827,0.56,8,-12.93,1,0.027,0.052,0.334,139.4
track_00715,Song Title 715,BTS,indie,album,84,192481,0,0.723,0.624,3,-12.0,1,0.026,0.102,0.444,110.8
track_00716,Song Title 716,Dua Lipa,hip-hop,single,59,195409,0,0.475,0.558,8,-12.91,1,0.046,0.067,0.333,108.0
track_00717,Song Title 717,Billie Eilish,dance/electronic,album,70,195624,0,0.923,0.79,0,-7.58,1,0.035,0.26,0.466,80.1
track_00718,Song Title 718,Post Malone,latin,album,49,248667,0,0.951,0.591,11,-10.97,1,0.107,0.259,0.301,133.1
track_00719,Song Title 719,Drake,r&b,album,82,280760,1,0.659,0.943,10,-6.81,1,0.082,0.096,0.574,147.1
track_00720,Song Title 720,The Weeknd,hip-hop,album,85,179470,0,0.472,0.842,2,-5.99,1,0.114,0.183,0.448,160.4
track_00721,Song Title 721,Drake,indie,album,57,204077,0,0.748,0.363,3,-9.67,1,0.137,0.023,0.536,127.6
track_00722,Song Title 722,Bad Bunny,r&b,single,67,217587,0,0.807,0.594,10,-11.5,1,0.205,0.202,0.639,100.8
track_00723,Song Title 723,Taylor Swift,rock,album,76,175684,0,0.788,0.797,9,-8.12,1,0.045,0.259,0.158,77.6
track_00724,Song Title 724,The Weeknd,pop,album,94,211848,1,0.895,0.672,0,-8.13,0,0.334,0.113,0.66,146.0
track_00725,Song Title 725,Ariana Grande,latin,album,69,222307,0,0.501,0.839,11,-7.69,1,0.019,0.162,0.367,75.1
track_00726,Song Title 726,Post Malone,indie,single,71,207269,0,0.646,0.733,5,-6.94,0,0.1,0.116,0.406,111.5
track_00727,Song Title 727,Ariana Grande,rock,single,79,231946,0,0.945,0.788,3,-8.83,1,0.061,0.125,0.557,114.4
track_00728,Song Title 728,Harry Styles,hip-hop,album,43,210011,0,0.583,0.492,3,-8.46,0,0.136,0.261,0.306,118.3
track_00729,Song Title 729,Dua Lipa,dance/electronic,single,52,120000,0,0.605,0.823,0,-6.14,0,0.052,0.132,0.489,120.9
track_00730,Song Title 730,Coldplay,r&b,album,47,176382,0,0.508,0.619,4,-11.33,1,0.123,0.548,0.571,123.5
track_00731,Song Title 731,The Weeknd,pop,album,81,260134,0,0.843,0.497,8,-13.22,1,0.213,0.124,0.55,60.0
track_00732,Song Title 732,Ariana Grande,r&b,single,58,228209,0,0.656,0.314,5,-16.0,1,0.105,0.039,0.381,120.4
track_00733,Song Title 733,Olivia Rodrigo,latin,single,53,120000,0,0.312,0.711,7,-5.88,0,0.12,0.167,0.421,64.3
track_00734,Song Title 734,Ariana Grande,hip-hop,album,66,157144,1,0.92,0.806,10,-9.65,0,0.006,0.401,0.171,138.3
track_00735,Song Title 735,Billie Eilish,r&b,album,59,235263,1,0.646,0.619,3,-11.42,0,0.018,0.478,0.281,106.1
track_00736,Song Title 736,Drake,pop,album,96,189834,0,0.751,0.852,8,-7.49,1,0.293,0.013,0.239,66.1
track_00737,Song Title 737,Billie Eilish,hip-hop,single,70,120000,0,0.742,0.703,6,-8.79,1,0.095,0.027,0.636,99.6
track_00738,Song Title 738,Harry Styles,r&b,album,44,247078,0,0.604,0.293,6,-15.85,1,0.066,0.465,0.339,105.7
track_00739,Song Title 739,The Weeknd,dance/electronic,album,71,235335,0,0.914,0.705,7,-11.7,1,0.037,0.415,0.489,149.8
track_00740,Song Title 740,The Weeknd,indie,album,88,180974,0,0.901,0.314,1,-15.78,1,0.004,0.063,0.52,124.9
track_00741,Song Title 741,Harry Styles,hip-hop,album,59,253575,1,0.661,0.541,11,-11.54,0,0.037,0.144,0.409,128.6
track_00742,Song Title 742,Bad Bunny,indie,album,58,182300,1,0.724,0.978,5,-5.61,1,0.055,0.31,0.293,149.5
track_00743,Song Title 743,Billie Eilish,hip-hop,single,64,188198,0,0.713,0.828,6,-5.38,1,0.019,0.254,0.42,117.6
track_00744,Song Title 744,Ed Sheeran,dance/electronic,album,66,193000,0,0.736,0.361,2,-12.39,0,0.015,0.039,0.725,138.9
track_00745,Song Title 745,Olivia Rodrigo,indie,album,80,143658,0,0.706,0.823,7,-6.99,0,0.057,0.132,0.645,137.1
track_00746,Song Title 746,Kendrick Lamar,rock,album,78,224444,0,0.674,0.505,0,-11.47,0,0.071,0.016,0.753,87.8
track_00747,Song Title 747,Drake,pop,single,62,228203,0,0.777,0.862,0,-10.52,1,0.022,0.101,0.799,156.8
track_00748,Song Title 748,The Weeknd,rock,album,66,193951,0,0.859,0.813,9,-7.84,1,0.071,0.0,0.437,84.5
track_00749,Song Title 749,Bad Bunny,r&b,album,63,234718,0,0.758,0.656,2,-7.5,1,0.184,0.29,0.773,142.9
track_00750,Song Title 750,Coldplay,dance/electronic,single,82,154310,0,0.936,0.905,5,-6.37,1,0.051,0.477,0.423,82.1
track_00751,Song Title 751,Olivia Rodrigo,rock,single,54,234012,0,0.647,0.674,6,-10.7,1,0.156,0.023,0.54,135.0
track_00752,Song Title 752,Billie Eilish,hip-hop,single,64,221388,1,0.878,0.623,1,-5.48,1,0.21,0.188,0.455,166.5
track_00753,Song Title 753,Drake,r&b,single,61,185825,0,0.726,0.711,5,-4.98,1,0.008,0.221,0.589,114.7
track_00754,Song Title 754,Coldplay,r&b,album,82,224494,0,0.712,0.764,11,-6.83,0,0.008,0.127,0.721,113.6
track_00755,Song Title 755,Billie Eilish,rock,single,80,179144,0,0.844,0.807,4,-4.81,0,0.052,0.19,0.474,135.3
track_00756,Song Title 756,Ariana Grande,rock,album,79,248678,0,0.848,0.582,5,-15.13,1,0.071,0.307,0.503,111.8
track_00757,Song Title 757,Coldplay,dance/electronic,single,81,228446,0,0.91,0.472,0,-14.03,1,0.044,0.45,0.44,165.5
track_00758,Song Title 758,Harry Styles,pop,single,69,222727,0,0.817,0.923,9,-6.17,1,0.032,0.359,0.5,124.8
track_00759,Song Title 759,Doja Cat,rock,single,60,193816,1,0.855,0.835,6,-7.11,1,0.082,0.239,0.58,112.0
track_00760,Song Title 760,Bad Bunny,latin,album,55,237131,0,0.841,0.718,7,-9.49,0,0.0,0.394,0.609,106.5
track_00761,Song Title 761,Drake,rock,album,48,252129,1,0.95,0.501,6,-17.08,0,0.276,0.236,0.31,96.7
track_00762,Song Title 762,BTS,indie,album,63,266241,0,0.827,0.717,8,-7.76,1,0.021,0.425,0.315,104.3
track_00763,Song Title 763,Doja Cat,hip-hop,single,67,190914,0,0.789,0.648,0,-8.55,1,0.199,0.025,0.692,111.2
track_00764,Song Title 764,Dua Lipa,latin,single,77,238648,0,0.641,0.74,9,-4.96,0,0.009,0.199,0.539,107.8
track_00765,Song Title 765,Dua Lipa,latin,album,60,258840,0,0.669,0.62,8,-11.65,1,0.022,0.579,0.458,103.5
track_00766,Song Title 766,Drake,indie,album,55,201493,0,0.554,0.746,10,-9.81,0,0.021,0.518,0.836,172.5
track_00767,Song Title 767,Coldplay,indie,album,67,259190,0,0.738,0.716,10,-13.91,1,0.445,0.23,0.154,94.2
track_00768,Song Title 768,Billie Eilish,r&b,single,46,215560,0,0.413,0.684,2,-9.65,1,0.0,0.318,0.476,123.7
track_00769,Song Title 769,Bad Bunny,pop,single,84,174347,1,0.882,0.654,1,-7.73,0,0.082,0.181,0.452,134.8
track_00770,Song Title 770,Kendrick Lamar,hip-hop,album,57,185151,1,0.653,0.683,5,-10.3,0,0.163,0.2,0.66,135.8
track_00771,Song Title 771,Dua Lipa,dance/electronic,album,52,159480,1,0.669,0.558,10,-6.79,0,0.089,0.094,0.59,118.5
track_00772,Song Title 772,Bad Bunny,latin,single,73,208638,0,0.375,0.886,4,-6.34,1,0.036,0.22,0.496,114.0
track_00773,Song Title 773,Dua Lipa,dance/electronic,single,77,204393,0,0.848,0.794,3,-7.0,1,0.254,0.443,0.706,131.3
track_00774,Song Title 774,Ariana Grande,rock,album,52,216593,0,0.811,0.699,3,-11.54,0,0.179,0.055,0.241,126.7
track_00775,Song Title 775,Billie Eilish,rock,album,82,257659,0,0.746,0.849,7,-5.85,1,0.046,0.249,0.513,113.5
track_00776,Song Title 776,Ariana Grande,dance/electronic,album,60,209424,0,0.73,0.763,9,-11.75,0,0.068,0.279,0.528,81.0
track_00777,Song Title 777,Olivia Rodrigo,rock,album,66,200650,0,0.841,0.641,2,-8.36,0,0.274,0.204,0.748,108.3
track_00778,Song Title 778,Dua Lipa,pop,album,59,203017,0,0.25,0.645,0,-8.23,0,0.324,0.113,0.855,91.3
track_00779,Song Title 779,BTS,indie,album,75,145132,0,0.7,0.692,4,-6.21,0,0.048,0.223,0.736,103.3
track_00780,Song Title 780,BTS,rock,single,78,233921,1,0.876,0.878,7,-7.99,1,0.15,0.414,0.42,120.8
track_00781,Song Title 781,Ariana Grande,r&b,album,61,204722,0,0.456,0.655,2,-9.2,0,0.029,0.187,0.369,129.0
track_00782,Song Title 782,Harry Styles,rock,single,58,212811,0,0.479,0.768,1,-6.58,1,0.037,0.272,0.399,164.5
track_00783,Song Title 783,Doja Cat,hip-hop,album,77,202973,0,0.809,0.633,0,-8.98,1,0.014,0.019,0.32,106.6
track_00784,Song Title 784,BTS,pop,album,64,214458,1,0.561,0.624,3,-11.75,1,0.019,0.064,0.229,139.4
track_00785,Song Title 785,Dua Lipa,hip-hop,album,87,164088,0,0.801,0.543,10,-16.09,1,0.086,0.324,0.728,127.6
track_00786,Song Title 786,Drake,hip-hop,album,68,209962,0,0.526,0.469,1,-11.79,1,0.057,0.049,0.709,152.4
track_00787,Song Title 787,Ariana Grande,r&b,single,58,188858,1,0.742,0.701,7,-9.09,1,0.021,0.213,0.511,134.4
track_00788,Song Title 788,Olivia Rodrigo,pop,single,63,211222,1,0.629,0.732,10,-9.42,0,0.041,0.084,0.437,94.8
track_00789,Song Title 789,Kendrick Lamar,pop,album,69,174476,0,0.766,0.588,9,-9.06,1,0.037,0.139,0.656,76.9
track_00790,Song Title 790,Kendrick Lamar,pop,album,81,226749,0,0.542,0.828,11,-6.85,1,0.35,0.264,0.451,127.8
track_00791,Song Title 791,Taylor Swift,pop,single,89,210749,0,0.822,0.596,8,-13.11,1,0.154,0.001,0.427,106.8
track_00792,Song Title 792,Doja Cat,pop,album,61,164658,0,0.518,0.787,9,-11.27,1,0.039,0.193,0.441,95.5
track_00793,Song Title 793,Coldplay,r&b,album,52,243121,0,0.715,0.55,0,-13.46,1,0.196,0.313,0.73,88.3
track_00794,Song Title 794,Billie Eilish,rock,single,47,191998,1,0.601,0.644,1,-4.91,1,0.034,0.489,0.318,124.0
track_00795,Song Title 795,BTS,hip-hop,album,80,197448,0,0.904,0.881,5,-4.47,0,0.088,0.185,0.673,157.7
track_00796,Song Title 796,BTS,pop,album,97,237937,0,0.792,0.618,9,-9.73,0,0.272,0.154,0.574,109.8
track_00797,Song Title 797,Coldplay,latin,album,64,247568,0,0.649,0.581,11,-11.07,1,0.04,0.639,0.82,134.8
track_00798,Song Title 798,The Weeknd,rock,single,55,193694,0,0.954,0.579,6,-11.23,0,0.091,0.069,0.38,117.4
track_00799,Song Title 799,Olivia Rodrigo,rock,album,54,213901,0,0.584,0.531,1,-9.17,1,0.028,0.135,0.24,87.8
track_00800,Song Title 800,Ed Sheeran,hip-hop,album,63,233868,0,0.743,0.677,7,-10.14,1,0.025,0.078,0.553,138.4
track_00801,Song Title 801,Ariana Grande,r&b,single,51,254214,0,0.579,0.457,9,-11.54,1,0.068,0.156,0.282,92.6
track_00802,Song Title 802,Harry Styles,dance/electronic,album,57,213103,0,0.546,0.616,8,-10.85,1,0.31,0.267,0.265,120.5
track_00803,Song Title 803,Olivia Rodrigo,dance/electronic,single,65,226510,0,0.449,0.76,7,-3.97,1,0.048,0.363,0.75,111.5
track_00804,Song Title 804,Post Malone,rock,album,79,178011,0,0.968,0.633,8,-8.38,1,0.222,0.342,0.784,142.3
track_00805,Song Title 805,BTS,indie,single,79,157069,1,0.736,0.604,5,-7.84,0,0.197,0.248,0.482,93.5
track_00806,Song Title 806,Billie Eilish,indie,album,75,229421,0,0.579,0.73,10,-9.48,1,0.023,0.004,0.45,129.8
track_00807,Song Title 807,Taylor Swift,hip-hop,album,45,181757,0,0.723,0.908,6,-3.36,1,0.041,0.461,0.46,99.0
track_00808,Song Title 808,Kendrick Lamar,dance/electronic,album,57,177647,0,0.715,0.85,5,-7.02,1,0.082,0.304,0.671,107.2
track_00809,Song Title 809,BTS,rock,album,67,232449,0,0.917,0.471,6,-12.25,1,0.058,0.17,0.389,60.0
track_00810,Song Title 810,Taylor Swift,r&b,single,68,204839,0,0.441,0.795,2,-4.02,0,0.008,0.036,0.095,172.3
track_00811,Song Title 811,Dua Lipa,dance/electronic,single,74,217964,0,0.629,0.486,3,-14.31,1,0.405,0.079,0.312,133.8
track_00812,Song Title 812,Olivia Rodrigo,rock,album,69,165086,1,0.668,0.85,8,-6.0,1,0.112,0.333,0.323,100.8
track_00813,Song Title 813,Dua Lipa,rock,album,77,178112,0,0.854,0.939,2,-4.1,1,0.046,0.185,0.409,91.9
track_00814,Song Title 814,Ed Sheeran,pop,single,66,267071,0,0.376,0.77,1,-6.65,1,0.077,0.079,0.651,107.6
track_00815,Song Title 815,Drake,r&b,single,70,186969,0,0.799,0.722,11,-9.35,1,0.007,0.031,0.753,137.9
track_00816,Song Title 816,Post Malone,pop,album,76,202884,1,0.946,0.649,10,-5.44,1,0.055,0.094,0.33,72.7
track_00817,Song Title 817,Olivia Rodrigo,hip-hop,album,77,218307,0,0.431,0.755,6,-10.5,1,0.214,0.133,0.489,116.5
track_00818,Song Title 818,The Weeknd,pop,album,80,172551,0,0.921,0.935,5,-2.12,0,0.182,0.01,0.709,164.3
track_00819,Song Title 819,Ed Sheeran,latin,album,66,257347,0,0.967,0.652,2,-7.14,1,0.033,0.661,0.349,91.7
track_00820,Song Title 820,Bad Bunny,pop,album,62,210262,0,0.686,0.391,5,-9.95,0,0.061,0.119,0.738,122.0
track_00821,Song Title 821,The Weeknd,latin,album,88,201725,1,0.93,0.679,6,-12.31,0,0.096,0.27,0.296,175.1
track_00822,Song Title 822,Doja Cat,dance/electronic,album,62,247383,0,0.876,0.713,5,-10.33,1,0.033,0.011,0.489,135.8
track_00823,Song Title 823,Ariana Grande,indie,single,100,241912,0,0.8,0.965,0,-1.58,0,0.005,0.007,0.478,123.1
track_00824,Song Title 824,Billie Eilish,rock,album,61,278844,1,0.857,0.74,11,-11.91,1,0.056,0.049,0.623,132.7
track_00825,Song Title 825,Olivia Rodrigo,latin,album,56,194703,1,0.446,0.808,0,-10.28,0,0.074,0.202,0.281,110.0
track_00826,Song Title 826,Bad Bunny,r&b,album,78,286764,1,0.579,0.934,8,-6.04,1,0.0,0.229,0.702,152.5
track_00827,Song Title 827,Bad Bunny,pop,album,78,232614,0,0.844,0.656,5,-9.11,0,0.008,0.532,0.557,110.0
track_00828,Song Title 828,Ed Sheeran,latin,album,47,269164,0,0.497,0.661,11,-6.23,1,0.019,0.079,0.629,71.0
track_00829,Song Title 829,Coldplay,r&b,album,50,244503,0,0.593,0.666,1,-9.71,1,0.034,0.324,0.433,110.2
track_00830,Song Title 830,Doja Cat,indie,album,65,187530,0,0.617,0.529,10,-12.75,1,0.062,0.243,0.505,95.8
track_00831,Song Title 831,Drake,indie,album,100,180820,0,0.851,0.894,0,-5.07,1,0.028,0.015,0.65,113.0
track_00832,Song Title 832,Olivia Rodrigo,pop,album,81,146855,0,0.886,0.537,10,-10.47,0,0.026,0.396,0.639,113.5
track_00833,Song Title 833,Coldplay,hip-hop,album,67,139629,0,0.82,0.569,11,-10.01,0,0.163,0.075,0.493,149.9
track_00834,Song Title 834,Ed Sheeran,pop,single,28,188570,0,0.31,0.807,1,-7.44,1,0.013,0.417,0.313,137.4
track_00835,Song Title 835,Ariana Grande,dance/electronic,album,61,254345,0,0.731,0.327,7,-18.67,1,0.055,0.292,0.387,126.6
track_00836,Song Title 836,Kendrick Lamar,latin,single,70,192565,0,0.716,0.672,4,-11.09,0,0.244,0.342,0.639,119.9
track_00837,Song Title 837,BTS,rock,album,70,186325,1,0.969,0.757,6,-5.05,0,0.078,0.308,0.432,93.5
track_00838,Song Title 838,BTS,hip-hop,album,61,234487,0,0.783,0.829,6,-6.36,1,0.101,0.326,0.258,65.5
track_00839,Song Title 839,Drake,pop,album,79,179846,0,0.801,0.914,1,-6.02,1,0.045,0.021,0.615,122.8
track_00840,Song Title 840,Ariana Grande,r&b,album,49,274419,0,0.716,0.195,3,-14.64,1,0.002,0.091,0.587,139.9
track_00841,Song Title 841,Harry Styles,hip-hop,single,86,200841,0,0.891,0.508,1,-14.13,0,0.083,0.539,0.42,117.3
track_00842,Song Title 842,Drake,latin,single,93,242574,0,0.808,0.785,6,-7.89,1,0.08,0.068,0.229,106.6
track_00843,Song Title 843,Olivia Rodrigo,hip-hop,single,75,202997,0,0.72,0.6,4,-10.12,0,0.009,0.184,0.896,131.6
track_00844,Song Title 844,Olivia Rodrigo,latin,album,74,210860,0,0.826,0.657,0,-10.36,1,0.05,0.013,0.514,117.9
track_00845,Song Title 845,Taylor Swift,pop,album,65,249448,0,0.76,0.718,1,-8.3,1,0.198,0.007,0.575,162.1
track_00846,Song Title 846,Coldplay,latin,album,75,218027,0,0.947,0.615,5,-10.53,1,0.018,0.006,0.477,150.8
track_00847,Song Title 847,Harry Styles,hip-hop,album,85,262282,0,0.827,0.244,3,-18.89,1,0.049,0.009,0.335,144.0
track_00848,Song Title 848,BTS,r&b,album,82,182585,1,0.67,0.828,6,-6.39,0,0.049,0.104,0.581,138.9
track_00849,Song Title 849,Bad Bunny,indie,album,69,164533,1,0.829,0.483,1,-14.92,1,0.133,0.23,0.259,87.7
track_00850,Song Title 850,Coldplay,hip-hop,album,74,148773,0,0.624,0.391,11,-13.42,1,0.139,0.003,0.567,136.6
track_00851,Song Title 851,Post Malone,latin,album,78,253923,0,0.686,0.863,1,-3.45,0,0.114,0.167,0.814,129.4
track_00852,Song Title 852,Olivia Rodrigo,indie,single,79,241555,0,0.875,0.684,11,-9.61,0,0.036,0.034,0.519,135.2
track_00853,Song Title 853,Doja Cat,latin,single,85,200702,1,0.811,0.92,5,-7.63,1,0.006,0.344,0.358,132.3
track_00854,Song Title 854,Billie Eilish,r&b,single,77,220456,0,0.706,0.886,7,-6.08,1,0.034,0.273,0.284,131.3
track_00855,Song Title 855,Ariana Grande,latin,album,74,247430,0,0.525,0.601,0,-12.04,1,0.091,0.063,0.429,187.5
track_00856,Song Title 856,The Weeknd,pop,album,76,203341,1,0.778,0.845,4,-5.28,1,0.097,0.13,0.465,118.1
track_00857,Song Title 857,Drake,rock,album,67,148398,0,0.686,0.83,0,-7.02,1,0.268,0.227,0.777,143.4
track_00858,Song Title 858,Olivia Rodrigo,hip-hop,single,53,148844,1,0.657,0.329,10,-11.32,1,0.048,0.2,0.571,108.2
track_00859,Song Title 859,Coldplay,rock,album,66,171686,0,0.928,0.605,5,-7.99,1,0.08,0.045,0.622,139.8
track_00860,Song Title 860,Harry Styles,latin,album,47,213577,0,0.477,0.909,6,-5.76,1,0.062,0.212,0.351,143.5
track_00861,Song Title 861,Billie Eilish,r&b,single,56,177043,0,0.62,0.86,5,-4.81,1,0.013,0.347,0.471,129.1
track_00862,Song Title 862,Doja Cat,hip-hop,album,62,246172,1,0.917,0.883,8,-6.66,0,0.049,0.478,0.616,161.7
track_00863,Song Title 863,Coldplay,latin,album,62,165424,1,0.615,0.67,2,-9.21,1,0.063,0.019,0.134,97.9
track_00864,Song Title 864,The Weeknd,indie,album,86,185728,0,0.549,0.8,7,-7.92,1,0.241,0.105,0.173,107.8
track_00865,Song Title 865,Billie Eilish,dance/electronic,album,66,146252,0,0.635,0.848,2,-4.9,0,0.037,0.264,0.152,125.3
track_00866,Song Title 866,Post Malone,latin,album,77,194418,0,0.886,0.701,10,-5.92,0,0.313,0.087,0.413,142.0
track_00867,Song Title 867,The Weeknd,rock,album,75,210249,1,0.763,0.675,11,-7.61,1,0.063,0.028,0.683,124.5
track_00868,Song Title 868,Ed Sheeran,hip-hop,album,82,247721,0,0.636,0.726,6,-6.54,1,0.022,0.452,0.312,152.1
track_00869,Song Title 869,Dua Lipa,rock,album,65,214199,0,0.75,0.895,4,-3.84,1,0.017,0.309,0.309,103.5
track_00870,Song Title 870,Ed Sheeran,hip-hop,single,75,235931,0,0.895,0.922,11,-4.15,1,0.012,0.191,0.407,91.5
track_00871,Song Title 871,BTS,latin,album,63,245178,0,0.629,0.615,0,-12.43,0,0.048,0.247,0.433,127.7
track_00872,Song Title 872,Coldplay,pop,album,72,223729,0,0.593,0.698,10,-5.43,1,0.002,0.653,0.408,118.1
track_00873,Song Title 873,Olivia Rodrigo,indie,album,83,178618,0,0.808,0.691,11,-5.34,0,0.047,0.439,0.301,133.6
track_00874,Song Title 874,Olivia Rodrigo,latin,single,78,224161,0,0.678,0.783,3,-7.94,1,0.357,0.007,0.27,119.3
track_00875,Song Title 875,Olivia Rodrigo,rock,album,75,262073,1,0.564,0.646,10,-10.41,1,0.089,0.429,0.878,111.5
track_00876,Song Title 876,Doja Cat,dance/electronic,album,62,198977,0,0.664,0.517,8,-10.5,1,0.114,0.471,0.194,118.1
track_00877,Song Title 877,Dua Lipa,dance/electronic,single,65,229412,0,0.548,0.724,7,-7.31,1,0.01,0.032,0.608,120.7
track_00878,Song Title 878,Ed Sheeran,r&b,single,90,228509,1,0.803,0.834,2,-7.06,1,0.051,0.054,0.818,112.4
track_00879,Song Title 879,Dua Lipa,hip-hop,album,71,197085,0,0.771,0.479,1,-14.84,1,0.027,0.236,0.703,114.9
track_00880,Song Title 880,Kendrick Lamar,rock,single,58,242806,0,0.938,0.377,10,-13.35,1,0.18,0.213,0.265,109.9
track_00881,Song Title 881,Coldplay,r&b,album,86,196535,0,0.859,0.751,8,-6.88,1,0.016,0.161,0.771,141.4
track_00882,Song Title 882,Dua Lipa,rock,album,65,225856,1,0.588,0.868,0,-4.66,1,0.049,0.289,0.221,124.9
track_00883,Song Title 883,Bad Bunny,hip-hop,album,60,201621,0,0.515,0.814,8,-6.27,0,0.071,0.319,0.376,176.4
track_00884,Song Title 884,Drake,latin,album,72,211526,1,0.535,0.593,11,-11.05,1,0.058,0.259,0.474,124.0
track_00885,Song Title 885,Drake,latin,single,60,242675,0,0.667,0.787,6,-5.42,1,0.142,0.713,0.275,106.2
track_00886,Song Title 886,Bad Bunny,dance/electronic,album,72,141856,0,0.863,0.403,11,-13.41,0,0.021,0.104,0.505,186.8
track_00887,Song Title 887,Billie Eilish,latin,album,88,231594,0,0.959,0.831,1,-7.63,1,0.038,0.002,0.345,130.3
track_00888,Song Title 888,Taylor Swift,latin,single,52,234750,1,0.728,0.419,10,-13.66,0,0.126,0.287,0.844,144.8
track_00889,Song Title 889,Doja Cat,pop,single,62,189878,0,0.55,0.293,4,-18.8,1,0.06,0.129,0.491,134.8
track_00890,Song Title 890,Billie Eilish,dance/electronic,album,83,208902,1,0.817,0.365,1,-14.53,0,0.041,0.002,0.693,135.6
track_00891,Song Title 891,The Weeknd,r&b,album,67,175832,0,0.861,0.887,4,-4.43,1,0.002,0.011,0.839,133.4
track_00892,Song Title 892,Harry Styles,indie,album,85,182034,0,0.922,0.932,6,-4.41,1,0.112,0.117,0.562,92.4
track_00893,Song Title 893,Doja Cat,pop,single,61,219483,0,0.695,0.898,4,-2.6,1,0.287,0.258,0.838,129.2
track_00894,Song Title 894,Doja Cat,r&b,album,76,301879,1,0.312,0.922,1,-5.77,0,0.077,0.156,0.657,86.9
track_00895,Song Title 895,The Weeknd,hip-hop,single,65,233238,0,0.284,0.314,10,-14.01,0,0.155,0.027,0.623,115.6
track_00896,Song Title 896,Dua Lipa,pop,album,64,180308,0,0.554,0.855,4,-4.73,0,0.058,0.172,0.493,101.9
track_00897,Song Title 897,Ed Sheeran,r&b,album,94,237152,0,0.696,0.677,11,-4.48,1,0.021,0.192,0.22,128.9
track_00898,Song Title 898,Ed Sheeran,hip-hop,album,88,230331,1,0.902,0.621,11,-9.78,0,0.001,0.013,0.446,128.4
track_00899,Song Title 899,Drake,dance/electronic,album,77,149559,0,0.625,0.685,9,-11.13,1,0.085,0.048,0.296,132.0
track_00900,Song Title 900,Ariana Grande,indie,album,85,198944,0,0.893,0.861,5,-4.53,1,0.054,0.123,0.707,127.2
track_00901,Song Title 901,Billie Eilish,hip-hop,single,80,205010,0,0.815,0.522,4,-7.92,1,0.122,0.167,0.336,104.8
track_00902,Song Title 902,Kendrick Lamar,latin,album,58,214132,0,0.632,0.961,1,-5.26,0,0.095,0.289,0.53,113.5
track_00903,Song Title 903,Coldplay,rock,album,70,208896,0,0.827,0.551,5,-9.51,1,0.354,0.217,0.637,143.0
track_00904,Song Title 904,BTS,hip-hop,single,74,215171,1,0.773,0.812,5,-4.55,0,0.057,0.347,0.312,146.7
track_00905,Song Title 905,Post Malone,hip-hop,album,60,177269,1,0.881,0.62,11,-8.04,1,0.045,0.591,0.488,91.3
track_00906,Song Title 906,Ed Sheeran,indie,single,80,198620,0,0.752,0.935,1,-4.79,1,0.027,0.178,0.393,81.7
track_00907,Song Title 907,Coldplay,rock,album,81,200697,0,0.809,0.726,3,-9.78,0,0.052,0.505,0.501,101.8
track_00908,Song Title 908,Post Malone,latin,album,49,250598,0,0.43,0.466,6,-12.71,0,0.165,0.388,0.847,146.1
track_00909,Song Title 909,Coldplay,r&b,album,74,185587,0,0.875,0.685,0,-8.13,1,0.003,0.004,0.283,150.4
track_00910,Song Title 910,Dua Lipa,r&b,album,55,201442,0,0.756,0.572,0,-9.04,1,0.305,0.339,0.255,96.9
track_00911,Song Title 911,Post Malone,hip-hop,single,46,197539,0,0.835,0.689,10,-8.31,1,0.401,0.464,0.359,127.7
track_00912,Song Title 912,BTS,rock,album,75,265558,0,0.588,0.777,11,-8.33,1,0.073,0.256,0.09,165.9
track_00913,Song Title 913,Coldplay,rock,album,72,233280,0,0.888,0.598,10,-9.32,1,0.032,0.088,0.676,130.4
track_00914,Song Title 914,Bad Bunny,latin,album,56,177320,0,0.451,0.308,5,-13.36,1,0.02,0.088,0.333,155.5
track_00915,Song Title 915,BTS,indie,album,58,223910,0,0.667,0.669,6,-8.53,1,0.026,0.005,0.191,145.0
track_00916,Song Title 916,Post Malone,dance/electronic,single,68,174593,0,0.896,0.576,11,-12.46,1,0.004,0.212,0.293,97.2
track_00917,Song Title 917,BTS,r&b,album,76,219120,0,0.867,0.36,4,-14.61,1,0.052,0.36,0.426,115.3
track_00918,Song Title 918,Coldplay,indie,album,66,257811,0,0.545,0.689,11,-7.08,0,0.005,0.072,0.662,120.9
track_00919,Song Title 919,Taylor Swift,pop,single,72,141528,0,0.661,0.91,9,-8.21,1,0.101,0.203,0.659,122.6
track_00920,Song Title 920,Coldplay,r&b,album,68,174712,0,0.792,0.711,7,-12.81,0,0.037,0.52,0.26,142.9
track_00921,Song Title 921,Coldplay,indie,single,61,215454,0,0.94,0.659,10,-6.44,0,0.018,0.026,0.362,130.2
track_00922,Song Title 922,Dua Lipa,r&b,album,81,196139,0,0.888,0.783,3,-6.44,1,0.063,0.24,0.644,60.0
track_00923,Song Title 923,Billie Eilish,dance/electronic,album,53,217487,0,0.821,0.763,2,-6.57,1,0.291,0.509,0.642,87.2
track_00924,Song Title 924,Bad Bunny,pop,album,58,207083,0,0.727,0.663,6,-11.54,0,0.095,0.134,0.436,65.3
track_00925,Song Title 925,Kendrick Lamar,dance/electronic,single,50,151172,1,0.484,0.689,3,-7.5,1,0.054,0.176,0.555,124.4
track_00926,Song Title 926,Ed Sheeran,latin,single,57,231769,0,0.44,0.454,0,-12.18,1,0.12,0.044,0.526,126.0
track_00927,Song Title 927,Doja Cat,pop,album,64,163280,0,0.597,0.83,10,-9.89,0,0.107,0.164,0.434,127.1
track_00928,Song Title 928,The Weeknd,hip-hop,album,66,217193,0,0.648,0.744,7,-5.24,1,0.178,0.337,0.74,96.0
track_00929,Song Title 929,Billie Eilish,indie,album,48,194092,0,0.621,0.293,4,-15.0,1,0.018,0.158,0.864,136.9
track_00930,Song Title 930,The Weeknd,pop,album,82,294037,0,0.53,0.887,7,-6.6,0,0.157,0.028,0.63,137.9
track_00931,Song Title 931,Dua Lipa,latin,album,73,205768,0,0.378,0.89,7,-6.52,1,0.029,0.276,0.329,88.6
track_00932,Song Title 932,Bad Bunny,latin,single,64,222284,0,0.542,0.698,11,-12.86,1,0.226,0.052,0.456,83.3
track_00933,Song Title 933,Olivia Rodrigo,dance/electronic,album,69,229388,0,0.99,0.868,4,-4.93,1,0.026,0.434,0.34,120.0
track_00934,Song Title 934,Coldplay,r&b,album,57,221816,0,0.824,0.583,7,-10.14,0,0.209,0.537,0.366,164.8
track_00935,Song Title 935,Olivia Rodrigo,pop,album,50,209066,0,0.415,0.349,6,-14.8,1,0.265,0.239,0.602,162.5
track_00936,Song Title 936,Olivia Rodrigo,indie,album,61,175329,1,0.92,0.893,2,-3.15,0,0.013,0.146,0.562,134.1
track_00937,Song Title 937,Harry Styles,pop,album,57,206086,0,0.55,0.864,3,-8.95,1,0.294,0.164,0.768,101.8
track_00938,Song Title 938,Drake,rock,album,72,144693,0,0.473,0.513,10,-12.98,0,0.007,0.006,0.772,142.2
track_00939,Song Title 939,Olivia Rodrigo,r&b,single,61,227064,0,0.276,0.631,11,-11.6,1,0.02,0.078,0.798,108.7
track_00940,Song Title 940,Ed Sheeran,indie,album,92,312217,1,0.909,0.815,6,-7.51,1,0.047,0.394,0.38,100.8
track_00941,Song Title 941,Taylor Swift,indie,album,67,216184,0,0.858,0.644,3,-9.56,0,0.404,0.21,0.624,66.4
track_00942,Song Title 942,Drake,hip-hop,album,62,221882,0,0.739,0.69,5,-8.1,0,0.054,0.337,0.692,122.6
track_00943,Song Title 943,Dua Lipa,dance/electronic,single,67,155683,0,0.898,0.786,11,-8.12,0,0.064,0.393,0.734,104.3
track_00944,Song Title 944,Doja Cat,hip-hop,single,64,181441,0,0.55,0.816,1,-8.69,0,0.095,0.093,0.608,122.4
track_00945,Song Title 945,Billie Eilish,indie,album,61,241319,0,0.675,0.792,11,-3.95,1,0.276,0.243,0.39,62.5
track_00946,Song Title 946,Taylor Swift,r&b,single,76,159345,0,0.779,0.93,1,-0.29,1,0.122,0.335,0.642,124.2
track_00947,Song Title 947,BTS,pop,album,65,184520,0,0.787,0.846,2,-6.18,1,0.02,0.754,0.44,60.0
track_00948,Song Title 948,Post Malone,pop,album,53,229875,0,0.637,0.8,9,-8.71,1,0.029,0.792,0.692,147.2
track_00949,Song Title 949,Harry Styles,r&b,album,91,238319,0,0.92,0.694,6,-5.94,1,0.008,0.011,0.481,133.0
track_00950,Song Title 950,Taylor Swift,indie,album,92,206182,0,0.595,0.928,2,-8.05,0,0.083,0.246,0.247,113.0
track_00951,Song Title 951,Kendrick Lamar,latin,album,86,214294,0,0.941,0.769,11,-8.37,1,0.016,0.438,0.685,134.1
track_00952,Song Title 952,Olivia Rodrigo,pop,single,81,214212,0,0.881,0.817,2,-8.32,1,0.024,0.255,0.312,95.5
track_00953,Song Title 953,Dua Lipa,latin,single,73,166832,0,0.858,0.62,3,-12.39,1,0.175,0.632,0.874,121.8
track_00954,Song Title 954,Ariana Grande,pop,album,86,207433,1,0.368,0.778,9,-8.12,1,0.032,0.026,0.45,139.9
track_00955,Song Title 955,Post Malone,pop,album,79,218466,0,0.575,0.823,5,-8.55,1,0.067,0.0,0.552,60.0
track_00956,Song Title 956,The Weeknd,dance/electronic,album,60,206905,0,0.558,0.779,0,-7.52,1,0.041,0.13,0.649,108.8
track_00957,Song Title 957,Ed Sheeran,dance/electronic,album,62,142605,0,0.641,0.34,5,-14.5,0,0.006,0.336,0.346,119.4
track_00958,Song Title 958,The Weeknd,rock,album,80,263747,1,0.764,0.722,7,-9.69,0,0.036,0.026,0.244,115.1
track_00959,Song Title 959,Taylor Swift,hip-hop,album,53,171731,0,0.53,0.719,11,-9.24,1,0.042,0.143,0.583,156.4
track_00960,Song Title 960,Doja Cat,r&b,album,58,212524,0,0.503,0.496,7,-12.53,1,0.181,0.015,0.614,91.9
track_00961,Song Title 961,The Weeknd,r&b,single,78,221262,0,0.643,0.769,5,-6.08,0,0.031,0.39,0.213,104.5
track_00962,Song Title 962,Kendrick Lamar,r&b,album,48,194081,0,0.576,0.911,5,-5.71,1,0.038,0.161,0.46,72.1
track_00963,Song Title 963,Dua Lipa,rock,album,54,218557,0,0.756,0.527,2,-9.92,1,0.122,0.027,0.397,157.8
track_00964,Song Title 964,BTS,dance/electronic,single,58,182865,0,0.246,0.886,1,-4.64,1,0.114,0.25,0.553,113.8
track_00965,Song Title 965,Doja Cat,indie,album,79,285148,0,0.809,0.795,6,-6.14,0,0.128,0.069,0.792,109.0
track_00966,Song Title 966,Billie Eilish,latin,album,55,200882,1,0.797,0.89,7,-2.99,1,0.246,0.388,0.531,118.7
track_00967,Song Title 967,Ed Sheeran,latin,album,62,241465,0,0.672,0.42,9,-15.52,1,0.127,0.085,0.691,135.9
track_00968,Song Title 968,Kendrick Lamar,indie,album,85,171758,0,0.806,0.69,5,-9.91,0,0.042,0.142,0.37,128.7
track_00969,Song Title 969,Kendrick Lamar,rock,single,73,235244,0,0.84,0.72,4,-4.95,1,0.138,0.207,0.217,186.2
track_00970,Song Title 970,The Weeknd,indie,album,89,184897,0,0.815,0.91,3,-5.96,1,0.057,0.049,0.476,131.3
track_00971,Song Title 971,Olivia Rodrigo,r&b,album,71,161239,0,0.881,0.886,0,-11.45,1,0.026,0.09,0.666,108.4
track_00972,Song Title 972,The Weeknd,hip-hop,single,56,172722,0,0.724,0.604,8,-10.74,0,0.029,0.244,0.514,106.0
track_00973,Song Title 973,Taylor Swift,pop,single,75,180323,0,0.698,0.65,10,-9.33,1,0.02,0.346,0.345,110.2
track_00974,Song Title 974,Billie Eilish,latin,single,73,213900,1,0.563,0.794,9,-12.53,0,0.013,0.05,0.078,82.5
track_00975,Song Title 975,Drake,dance/electronic,album,46,310652,1,0.223,0.761,3,-5.16,1,0.016,0.032,0.418,121.0
track_00976,Song Title 976,Doja Cat,dance/electronic,album,64,305748,0,0.9,0.639,1,-11.2,1,0.005,0.05,0.21,139.6
track_00977,Song Title 977,The Weeknd,rock,single,86,198735,0,0.612,0.659,3,-8.8,1,0.175,0.061,0.755,104.7
track_00978,Song Title 978,Dua Lipa,dance/electronic,single,64,243579,1,0.87,0.794,10,-7.75,1,0.214,0.127,0.8,99.8
track_00979,Song Title 979,Ariana Grande,r&b,album,76,166117,0,0.659,0.693,4,-11.48,1,0.071,0.348,0.633,157.9
track_00980,Song Title 980,Ed Sheeran,latin,album,63,136357,1,0.887,0.621,1,-12.2,1,0.147,0.336,0.403,84.3
track_00981,Song Title 981,Coldplay,indie,album,63,211070,0,0.618,0.626,6,-11.86,1,0.016,0.274,0.667,68.3
track_00982,Song Title 982,The Weeknd,r&b,single,64,229120,0,0.806,0.532,2,-9.32,0,0.186,0.685,0.774,91.2
track_00983,Song Title 983,Dua Lipa,rock,album,44,237413,0,0.71,0.633,7,-10.16,0,0.056,0.062,0.398,81.5
track_00984,Song Title 984,Doja Cat,r&b,album,49,247789,0,0.65,0.584,3,-11.7,0,0.006,0.064,0.351,129.7
track_00985,Song Title 985,Dua Lipa,indie,album,60,198434,0,0.614,0.694,11,-10.77,1,0.012,0.621,0.423,111.0
track_00986,Song Title 986,Ed Sheeran,hip-hop,album,53,212521,0,0.54,0.478,10,-9.97,1,0.03,0.035,0.437,114.5
track_00987,Song Title 987,Drake,rock,single,85,238743,0,0.717,0.898,4,-2.71,1,0.004,0.178,0.346,148.8
track_00988,Song Title 988,Dua Lipa,hip-hop,album,43,251771,0,0.812,0.458,2,-10.3,0,0.03,0.464,0.535,102.7
track_00989,Song Title 989,Ariana Grande,pop,single,81,178250,0,0.961,0.713,10,-7.61,1,0.005,0.267,0.5,139.4
track_00990,Song Title 990,Dua Lipa,hip-hop,single,54,217373,1,0.594,0.82,4,-6.31,0,0.022,0.036,0.575,157.8
track_00991,Song Title 991,Dua Lipa,pop,album,62,232734,0,0.496,0.749,8,-10.45,1,0.025,0.055,0.551,108.6
track_00992,Song Title 992,Dua Lipa,pop,album,45,215164,1,0.388,0.52,10,-12.17,1,0.414,0.124,0.412,138.4
track_00993,Song Title 993,BTS,hip-hop,album,82,188228,0,0.509,0.622,1,-11.42,0,0.021,0.333,0.467,114.0
track_00994,Song Title 994,BTS,rock,single,49,210108,0,0.702,0.4,6,-17.25,1,0.022,0.017,0.651,143.1
track_00995,Song Title 995,Drake,indie,album,66,228540,1,0.68,0.604,9,-8.22,0,0.093,0.066,0.365,80.7
track_00996,Song Title 996,The Weeknd,r&b,album,49,183377,0,0.771,0.68,7,-10.51,1,0.157,0.175,0.646,78.9
track_00997,Song Title 997,Dua Lipa,r&b,single,77,168096,0,0.523,0.65,2,-7.21,1,0.039,0.543,0.616,110.2
track_00998,Song Title 998,Harry Styles,indie,album,73,282083,0,0.778,0.643,10,-7.95,1,0.167,0.268,0.596,97.8
track_00999,Song Title 999,Billie Eilish,latin,single,71,216563,0,0.77,0.781,3,-6.4,1,0.033,0.313,0.851,107.1
track_01000,Song Title 1000,Harry Styles,latin,album,74,242842,0,0.573,0.473,10,-11.21,1,0.018,0.481,0.583,114.5
